"Time","Responds","BR1","BR2","BR3","BR4","BR5","BE1","BE2","BE3","BE4","SE1","SE2","SE3","SE4","SE5","SE6","PS1","PS2","PS3","PS4","PS5","WI1","WI2","WI3","highrisk","entertain","entertain_close_time","wfh","wfh_time","block","block_time","business","income","tourtime","gender","marriage","age","education","aveincome"
"2022-04-03",182,4,5,2,1,2,4,2,2,3,4,2,2,1,4,1,2,3,4,1,5,4,5,5,2,2,5,1,5,1,2,2,3,3,2,2,2,3,2
"2022-04-03",167,5,5,5,5,4,1,1,1,5,1,2,5,5,5,1,5,5,5,5,5,1,1,5,1,2,3,2,3,1,3,2,1,1,1,1,1,2,1
"2022-04-03",617,4,2,2,4,4,4,2,2,2,2,2,4,4,4,2,5,4,4,4,5,4,4,4,1,2,4,2,4,1,4,2,4,2,2,1,2,4,2
"2022-04-03",170,5,4,4,5,2,1,4,3,5,4,4,5,5,5,3,3,4,5,5,5,3,3,5,1,2,6,2,6,1,6,2,4,1,2,2,2,3,1
"2022-04-03",186,4,2,4,2,3,2,2,2,2,2,4,2,2,3,1,5,4,5,5,5,2,2,2,1,2,3,2,6,1,2,2,5,2,2,1,2,3,1
"2022-04-03",203,2,1,1,1,2,2,2,2,2,2,2,2,2,3,2,2,2,2,2,4,4,3,3,1,2,3,1,3,1,3,1,2,5,1,3,3,3,5
"2022-04-03",164,4,4,5,3,4,2,2,2,5,2,3,1,1,2,2,4,2,3,4,4,2,2,3,1,2,6,1,6,1,6,2,4,2,2,3,4,4,3
"2022-04-03",233,3,4,4,4,4,4,2,2,4,2,4,3,4,5,1,4,3,5,3,5,4,4,4,1,2,4,2,4,1,3,2,2,2,2,1,2,3,2
"2022-04-03",189,4,1,4,1,1,4,2,2,4,4,4,4,4,4,2,5,1,5,5,5,2,2,1,1,2,3,2,5,1,5,2,2,3,2,2,2,3,1
"2022-04-03",206,4,5,4,4,2,2,2,2,4,2,4,4,4,4,3,3,4,3,5,4,4,4,4,1,2,4,2,6,1,3,2,2,2,2,1,2,3,1
"2022-04-03",187,2,2,2,2,2,2,2,2,2,2,2,2,2,3,2,2,2,2,2,4,2,4,4,1,2,3,1,3,1,3,1,2,5,1,3,2,3,5
"2022-04-03",150,2,2,2,2,2,2,2,2,2,2,3,3,3,4,2,2,2,2,2,2,2,2,2,1,2,2,1,2,1,2,1,2,5,1,3,2,3,5
"2022-04-03",187,4,3,3,4,3,2,3,2,2,1,4,2,1,2,2,5,5,4,4,5,2,1,2,1,2,4,1,3,1,3,2,3,3,1,4,5,3,6
"2022-04-03",163,5,4,5,2,2,4,4,2,2,4,4,4,4,5,1,4,4,3,4,5,5,5,5,1,2,3,2,4,1,2,2,5,2,2,1,2,3,1
"2022-04-03",225,4,3,2,3,2,2,1,2,3,2,3,3,2,3,2,4,2,4,2,5,4,4,4,1,2,4,1,4,1,2,2,3,2,2,2,3,3,5
"2022-04-03",423,4,4,2,4,2,2,1,2,4,2,2,4,2,2,2,2,2,2,2,4,1,1,2,1,2,2,1,2,1,2,2,2,3,1,1,2,2,1
"2022-04-03",148,4,5,4,3,5,3,2,2,4,4,3,5,5,5,3,4,4,5,4,5,4,4,5,1,2,5,2,5,1,5,2,5,3,1,4,2,3,2
"2022-04-03",307,5,4,3,4,5,4,3,4,5,3,5,4,3,4,5,4,3,4,5,4,3,4,5,2,2,2,1,2,1,2,2,4,2,2,4,4,2,1
"2022-04-03",310,4,2,2,4,2,1,1,2,2,4,3,2,2,4,2,5,4,4,2,5,4,4,5,1,2,4,1,4,1,4,2,2,2,1,4,4,4,6
"2022-04-03",158,4,4,5,5,5,5,5,4,4,5,2,2,2,5,2,5,2,5,2,5,4,5,5,1,2,4,2,4,1,2,2,2,3,2,1,2,3,1
"2022-04-03",329,2,2,2,2,2,3,2,2,4,3,3,4,3,4,1,4,4,4,4,5,4,4,5,1,2,4,1,4,1,2,2,2,3,2,3,4,4,4
"2022-04-03",273,5,5,4,5,4,5,4,5,5,4,4,5,5,5,4,4,3,4,4,5,5,5,5,1,2,3,1,3,1,3,1,4,5,2,4,4,3,4
"2022-04-03",239,4,1,4,4,2,1,2,2,2,5,2,4,4,4,1,2,2,2,2,2,4,5,4,1,2,2,1,3,1,2,1,1,2,1,4,4,3,5
"2022-04-03",184,4,4,4,5,4,5,5,4,4,5,4,3,3,4,2,4,4,4,5,5,4,4,4,1,2,4,2,5,1,5,2,2,1,2,1,2,4,1
"2022-04-03",323,2,2,3,2,3,2,2,2,2,3,3,4,3,4,2,4,2,4,4,4,4,3,2,1,2,6,1,3,1,3,2,3,2,2,1,3,3,2
"2022-04-03",306,4,5,3,3,2,3,2,2,2,4,2,2,1,4,2,1,4,2,4,5,5,5,5,1,2,4,2,4,1,4,2,5,3,1,2,2,3,1
"2022-04-03",590,2,4,1,2,1,4,2,1,5,2,3,1,2,4,2,4,5,4,2,4,2,1,2,1,2,2,1,2,1,2,2,4,2,2,4,3,3,6
"2022-04-03",616,2,4,2,1,2,4,1,2,4,1,2,1,2,3,1,5,4,5,1,5,2,1,2,1,2,2,1,3,1,3,2,2,3,1,4,4,3,6
"2022-04-03",594,5,4,5,4,5,4,2,4,5,3,4,5,4,5,2,4,5,4,3,4,1,2,1,1,2,3,1,3,1,3,2,5,1,1,1,2,3,3
"2022-04-03",368,3,4,5,4,4,3,4,5,4,3,5,3,2,3,3,4,5,4,4,5,3,2,3,1,2,4,1,4,1,4,2,2,2,1,3,3,3,5
"2022-04-03",352,4,4,2,4,3,4,3,2,4,2,4,3,2,4,1,4,4,3,2,4,5,5,5,1,2,4,1,4,1,4,2,2,2,1,4,4,3,5
"2022-04-03",210,4,2,4,4,2,1,1,1,1,3,1,1,1,2,1,1,3,2,2,4,3,2,2,1,2,6,2,6,1,3,2,2,1,2,1,2,3,1
"2022-04-03",613,4,2,3,2,2,2,2,2,2,3,2,2,2,3,2,4,4,4,4,4,4,4,4,1,2,4,1,3,1,2,2,2,2,1,4,4,3,4
"2022-04-03",149,4,4,4,4,4,1,1,1,2,5,2,5,5,5,1,2,2,2,2,2,5,5,5,1,2,3,1,3,1,2,1,1,3,2,5,6,2,5
"2022-04-03",283,4,4,2,2,4,4,4,4,4,4,4,2,2,4,2,4,4,2,2,5,4,4,4,2,2,3,2,5,1,5,2,5,2,2,2,2,3,1
"2022-04-03",359,4,4,5,4,4,4,4,3,4,3,5,3,2,5,1,4,5,4,4,5,4,5,5,1,2,4,2,4,1,3,2,2,2,2,1,2,4,3
"2022-04-03",165,4,2,2,2,2,1,1,1,1,2,1,2,1,3,1,2,4,3,2,4,4,4,4,1,2,3,1,5,1,4,2,1,3,2,4,4,3,4
"2022-04-03",266,4,4,3,2,2,4,4,3,5,4,2,3,3,4,2,5,4,5,5,5,4,4,5,1,2,6,2,4,1,4,1,4,4,2,1,2,3,2
"2022-04-03",295,2,1,2,1,2,1,2,1,2,5,1,5,1,4,1,4,2,4,2,4,5,4,5,1,2,3,1,3,1,3,2,2,2,1,4,4,3,6
"2022-04-03",384,3,5,5,5,3,2,1,2,2,2,2,1,1,2,1,5,5,3,3,5,1,1,1,1,2,4,1,3,1,3,2,5,2,2,4,6,1,2
"2022-04-03",273,5,3,4,5,5,5,4,5,4,3,5,4,3,5,2,5,5,5,4,5,3,4,4,1,2,3,1,4,1,4,1,2,2,1,4,4,3,3
"2022-04-03",227,5,4,3,5,5,4,5,5,4,2,4,3,4,5,1,5,5,5,3,5,4,3,4,1,2,3,1,4,1,4,2,4,1,1,3,4,3,4
"2022-04-03",579,3,2,3,4,2,3,2,2,3,2,3,1,1,2,2,4,4,5,4,5,3,2,2,1,2,3,2,2,1,3,2,4,4,2,4,7,1,2
"2022-04-03",143,4,2,2,4,4,2,4,2,3,2,4,2,2,4,2,4,5,5,5,5,4,4,2,1,2,3,1,4,1,4,2,2,2,2,1,2,4,1
"2022-04-03",146,5,2,4,2,2,2,2,2,4,5,4,4,4,4,2,4,4,4,4,4,5,5,5,1,2,4,2,4,1,4,2,4,2,2,1,2,4,6
"2022-04-03",519,4,5,4,4,4,3,4,3,4,1,4,2,1,1,1,2,4,4,4,5,2,1,1,1,2,3,1,3,1,2,2,2,2,1,1,2,3,3
"2022-04-03",325,4,2,2,1,2,1,2,1,2,2,2,2,1,2,1,4,4,5,4,5,2,1,1,1,2,2,1,2,1,2,2,4,2,1,4,4,3,4
"2022-04-03",287,5,4,4,4,4,2,2,2,4,2,2,2,2,4,2,4,4,4,4,4,2,2,2,1,2,3,1,3,1,3,2,5,2,1,4,6,3,3
"2022-04-03",277,2,2,2,2,2,2,2,1,2,4,3,2,2,4,2,2,5,4,2,5,2,4,4,1,2,2,1,2,1,2,2,2,2,2,4,5,3,3
"2022-04-03",334,5,2,4,4,4,4,1,1,4,4,4,4,4,4,2,4,4,4,4,5,4,4,4,1,2,2,1,2,1,2,2,5,2,2,1,2,3,2
"2022-04-03",720,4,4,4,5,4,4,4,2,4,2,3,2,2,3,1,2,5,4,2,5,2,1,1,1,2,4,1,2,1,2,2,2,2,2,3,3,3,3
"2022-04-03",145,4,1,1,1,1,1,1,1,1,1,1,2,1,1,1,1,1,1,2,4,1,1,1,1,2,4,2,4,1,4,2,4,2,1,1,2,3,3
"2022-04-03",145,2,5,4,4,2,2,2,1,4,2,5,2,2,5,2,5,4,5,2,5,4,4,3,1,2,3,2,3,1,3,2,2,2,2,2,2,3,1
"2022-04-03",148,4,2,2,4,2,1,1,1,2,3,4,3,4,5,1,4,2,4,4,5,5,5,5,1,2,3,1,3,1,3,2,2,1,2,2,2,3,3
"2022-04-03",166,4,3,3,3,4,2,3,2,2,1,3,3,4,4,2,4,4,4,5,5,4,3,3,1,2,5,2,4,1,4,2,5,2,2,1,2,3,1
"2022-04-03",254,4,4,4,4,4,4,2,2,5,4,4,4,4,4,2,5,5,5,5,5,4,4,5,1,2,2,1,2,2,2,2,5,2,1,1,3,3,4
"2022-04-03",214,3,2,2,2,2,2,2,2,2,3,2,1,2,3,2,3,3,3,2,4,4,3,3,1,2,2,1,4,1,2,2,2,2,1,4,5,4,5
"2022-04-03",318,2,3,2,2,2,2,1,1,4,2,2,2,3,3,2,3,2,2,4,5,3,2,4,1,2,5,2,5,1,5,2,4,1,2,1,2,3,1
"2022-04-03",158,4,4,2,2,1,1,1,1,4,1,2,1,1,4,1,5,5,5,1,5,4,4,3,1,2,6,1,5,1,5,2,5,2,2,4,4,4,6
"2022-04-03",178,5,4,5,5,4,3,2,2,4,4,5,3,4,4,1,5,2,4,2,5,5,5,5,1,2,5,2,5,1,5,2,1,3,2,2,2,3,1
"2022-04-03",233,3,3,4,4,2,2,2,2,4,2,3,2,2,4,2,4,4,4,4,5,5,4,4,2,2,2,1,2,1,2,2,2,1,2,2,3,4,3
"2022-04-03",158,5,5,5,5,5,5,5,5,5,1,1,1,1,5,2,5,5,5,5,5,5,5,5,1,2,3,1,2,1,3,2,2,1,1,2,3,3,4
"2022-04-03",216,4,5,4,4,4,2,1,2,4,2,4,4,5,4,2,3,4,2,4,5,5,4,4,1,2,3,1,3,1,2,2,2,3,1,4,4,3,6
"2022-04-03",145,5,4,4,4,3,4,2,1,3,3,4,4,5,4,2,4,2,4,5,5,5,5,5,1,2,3,2,3,1,3,2,2,2,2,2,2,3,1
"2022-04-03",154,4,4,3,3,2,4,4,2,4,2,3,2,3,4,2,5,5,5,2,5,4,4,4,1,2,4,1,4,1,4,2,2,2,2,2,3,3,6
"2022-04-03",169,1,5,1,1,1,1,1,1,4,2,1,1,1,1,1,5,5,5,3,5,1,1,3,1,2,2,1,4,1,3,2,3,2,2,4,4,4,4
"2022-04-03",170,5,4,4,4,5,3,2,2,4,4,5,4,4,5,4,4,2,4,4,5,5,5,4,1,2,2,2,5,1,5,2,4,1,2,1,2,3,1
"2022-04-03",199,5,4,5,5,5,4,3,4,4,4,5,5,4,5,2,5,4,5,4,5,4,4,4,1,2,3,1,4,1,3,2,4,2,2,1,2,3,3
"2022-04-03",163,4,3,4,2,2,4,2,3,4,3,4,3,3,4,3,4,4,4,4,5,4,3,4,1,2,4,1,4,1,3,2,2,2,2,1,2,3,3
"2022-04-03",404,2,2,3,2,2,2,2,2,2,2,2,2,2,2,2,4,4,4,4,4,1,1,1,1,2,2,2,4,1,4,2,3,1,2,1,2,3,1
"2022-04-03",418,4,4,3,4,4,3,2,2,3,3,2,3,3,4,2,4,4,4,5,5,4,4,4,1,2,5,1,4,1,3,1,4,2,1,2,3,4,5
"2022-04-03",148,4,3,4,5,4,4,4,4,5,2,4,3,2,3,2,4,4,4,3,5,2,1,1,1,2,3,1,5,1,4,2,3,1,2,2,2,3,2
"2022-04-04",251,3,4,1,2,2,4,3,2,4,4,4,2,1,4,1,4,4,4,4,5,1,1,1,2,1,2,2,5,1,5,2,2,2,2,1,2,4,1
"2022-04-04",232,3,2,2,1,2,4,4,3,4,4,2,3,4,4,2,4,3,4,4,5,2,2,4,1,2,4,2,5,1,4,2,4,2,2,1,2,3,4
"2022-04-04",315,4,5,2,4,2,1,1,2,2,2,4,4,3,4,1,4,4,2,4,5,4,4,5,1,2,3,1,3,1,2,2,2,3,2,4,3,3,6
"2022-04-04",282,2,2,1,2,2,1,2,2,1,4,5,4,4,5,2,4,4,5,4,5,4,4,5,1,2,4,1,3,1,2,2,2,3,1,4,4,3,6
"2022-04-04",275,5,5,5,5,5,4,4,3,2,2,2,3,3,4,2,5,2,5,5,5,4,3,4,1,2,2,2,5,1,2,2,1,2,1,2,2,3,1
"2022-04-04",257,2,1,2,1,2,1,1,1,2,3,1,2,1,2,2,3,2,2,3,4,2,1,2,2,1,4,1,4,1,4,2,2,3,1,4,4,3,5
"2022-04-04",179,4,5,4,5,5,4,3,2,5,2,5,3,2,4,4,5,5,5,2,5,2,2,4,1,2,4,2,6,1,3,2,4,2,2,2,3,4,1
"2022-04-04",238,2,2,1,2,2,1,1,2,1,4,2,2,1,4,2,5,4,5,3,5,4,4,4,1,2,5,1,5,1,5,2,2,2,1,4,4,4,4
"2022-04-04",172,4,2,4,5,4,4,4,4,5,2,4,3,2,4,1,4,4,5,4,5,2,1,2,2,2,2,1,2,1,2,2,4,2,1,2,4,4,6
"2022-04-04",158,2,1,2,2,2,2,2,1,1,4,4,3,2,4,2,3,4,2,4,4,2,2,1,1,2,3,2,4,1,2,2,1,1,2,1,2,3,2
"2022-04-04",277,4,2,3,2,2,2,2,1,3,2,2,2,2,4,2,4,4,4,5,4,4,3,4,1,2,5,1,5,1,2,2,2,2,2,1,4,3,3
"2022-04-04",512,5,4,4,4,5,3,1,2,3,3,4,3,4,4,3,4,4,3,2,5,4,4,4,1,2,3,1,3,1,3,2,2,1,1,1,2,3,3
"2022-04-04",230,5,5,5,5,4,5,4,4,5,1,4,1,1,2,1,5,5,5,5,5,2,2,2,1,2,3,1,5,1,3,2,5,2,2,4,4,3,4
"2022-04-04",161,5,2,2,3,4,2,2,1,3,3,4,3,2,4,1,4,5,5,3,4,4,4,4,1,2,5,1,5,1,5,2,3,2,2,1,3,3,3
"2022-04-04",260,4,3,3,3,4,4,4,4,4,4,4,3,3,3,2,4,4,4,4,4,2,1,1,1,2,4,1,3,1,4,2,4,2,2,1,3,3,4
"2022-04-04",290,4,4,4,3,4,3,4,3,4,3,3,2,2,4,2,5,4,4,4,5,4,4,4,1,2,4,2,4,1,4,2,4,2,2,1,2,4,1
"2022-04-04",172,4,4,4,4,4,4,4,3,4,3,4,3,3,4,2,4,4,4,3,4,4,4,4,1,2,3,1,3,1,3,2,1,3,2,1,4,3,6
"2022-04-04",278,4,5,4,4,3,4,3,4,5,2,4,2,2,3,2,4,4,5,5,5,4,3,3,1,2,3,2,4,1,4,2,4,1,2,1,2,3,1
"2022-04-04",513,4,5,4,5,4,4,5,4,4,2,5,5,4,4,5,4,5,4,4,5,4,5,4,1,2,5,1,4,1,4,2,4,2,2,2,2,3,3
"2022-04-04",161,4,5,5,4,3,5,4,4,5,3,5,2,2,4,2,5,5,5,4,5,4,4,4,1,2,3,2,6,1,6,2,4,3,1,2,2,3,1
"2022-04-04",391,4,5,4,4,3,4,4,5,4,4,4,4,5,5,4,4,5,5,4,5,4,5,4,1,2,4,1,6,1,6,2,5,3,1,1,2,3,3
"2022-04-04",192,5,5,5,5,5,5,5,5,5,3,5,3,3,5,2,4,5,4,2,4,4,4,5,1,2,3,1,5,1,5,2,2,1,2,1,3,4,4
"2022-04-04",393,5,4,4,4,4,4,2,3,5,2,4,4,4,2,2,2,3,5,2,4,1,2,2,1,2,4,1,4,1,4,2,5,2,2,4,5,3,3
"2022-04-04",208,4,5,5,4,4,4,5,5,4,1,4,4,5,4,4,4,5,5,4,2,5,5,4,1,2,6,2,6,1,6,2,4,3,2,1,2,3,2
"2022-04-04",212,4,3,3,4,4,3,2,2,3,4,4,3,3,4,1,4,4,4,3,4,3,3,3,1,2,6,2,6,1,6,2,4,1,2,1,2,3,1
"2022-04-04",279,4,4,5,5,4,4,4,5,4,4,5,4,4,4,2,5,5,5,4,5,4,5,4,1,2,4,1,4,1,4,2,4,5,1,4,4,3,6
"2022-04-04",476,2,2,2,2,2,2,1,2,3,2,2,2,2,3,2,4,4,4,4,5,4,4,4,1,2,4,1,3,1,2,2,2,2,2,4,4,3,3
"2022-04-04",212,4,4,3,2,5,2,2,1,4,2,4,3,2,4,2,4,4,2,4,5,4,5,3,1,2,2,1,3,1,3,2,4,2,2,1,2,3,2
"2022-04-04",158,4,2,2,4,4,2,2,2,2,2,4,2,2,5,4,5,4,4,5,5,4,4,5,1,2,3,2,4,1,2,2,2,1,1,2,2,3,2
"2022-04-04",200,4,4,2,2,2,4,2,1,4,2,4,4,4,4,2,2,2,2,2,4,5,5,5,1,2,5,1,3,1,2,2,4,3,2,1,2,4,3
"2022-04-04",199,5,3,2,2,2,2,3,2,3,4,2,4,4,4,3,4,2,4,4,5,5,5,5,1,2,4,2,4,1,4,2,2,2,2,2,2,4,1
"2022-04-04",477,4,2,2,4,2,2,1,2,1,2,1,2,1,3,3,4,4,4,4,5,4,4,4,1,2,3,1,2,1,2,2,4,1,1,4,6,3,3
"2022-04-04",559,4,4,5,4,3,2,2,2,3,4,5,3,2,4,2,3,4,4,5,5,4,4,5,1,2,4,1,4,1,4,2,4,2,1,2,2,3,3
"2022-04-04",342,4,2,2,4,3,2,2,1,1,3,2,3,2,3,2,4,4,4,5,5,4,4,4,1,1,2,1,2,2,2,2,4,2,2,4,4,3,4
"2022-04-04",240,2,3,2,5,4,4,2,3,4,4,4,4,5,5,3,4,1,3,2,4,5,5,5,1,2,6,2,6,1,6,1,2,2,1,2,2,3,2
"2022-04-04",186,3,2,2,4,3,2,2,2,2,2,2,2,2,4,2,4,4,3,2,4,4,4,4,1,2,4,1,4,1,2,2,4,3,2,4,5,3,5
"2022-04-04",176,5,4,4,4,3,3,2,2,4,3,4,4,4,4,3,3,4,4,4,4,5,5,5,1,2,5,1,5,1,4,1,2,2,1,4,5,3,6
"2022-04-04",158,5,4,4,3,4,3,2,1,4,2,4,4,3,4,1,4,5,4,2,5,5,5,5,1,2,4,1,5,1,5,2,2,3,2,1,2,3,4
"2022-04-04",297,4,2,2,3,2,2,2,2,2,3,3,4,3,4,4,4,2,3,3,3,4,4,4,1,2,3,1,2,1,2,1,4,2,2,4,6,3,3
"2022-04-04",272,5,2,4,4,4,4,2,2,2,2,4,3,4,4,2,4,4,4,4,4,5,5,5,1,2,4,1,3,1,3,2,4,1,1,4,5,3,4
"2022-04-04",246,4,4,5,4,2,2,1,2,4,4,4,5,4,5,1,2,1,2,1,4,5,4,5,1,2,4,1,4,1,5,2,5,2,1,4,5,3,4
"2022-04-04",228,4,4,4,4,3,4,4,3,4,3,4,3,3,4,3,4,4,5,3,4,5,5,5,1,2,4,1,5,1,4,2,2,1,2,4,5,3,4
"2022-04-04",573,4,3,4,2,4,4,2,2,3,2,3,1,1,2,1,4,5,4,3,5,4,4,5,1,2,6,1,5,1,3,2,4,2,1,4,5,3,4
"2022-04-04",599,4,2,2,4,3,2,2,2,2,3,4,3,3,4,3,4,4,4,5,5,4,4,4,1,2,2,1,2,1,2,2,5,2,2,4,6,2,2
"2022-04-04",592,4,2,2,4,3,2,2,2,2,3,4,3,3,4,3,4,4,4,5,5,4,4,4,1,2,2,1,2,1,2,2,4,2,1,4,6,3,3
"2022-04-04",304,4,2,1,4,2,2,1,2,2,2,2,4,5,4,2,4,2,4,2,5,4,5,4,1,2,4,1,3,1,3,2,4,2,2,4,6,3,4
"2022-04-04",501,4,2,2,4,3,2,2,1,2,3,4,3,3,4,3,4,4,4,5,5,4,4,4,1,2,2,1,2,1,2,2,4,2,2,4,6,3,3
"2022-04-04",212,5,4,4,4,3,3,2,3,4,2,4,1,1,2,1,4,4,4,4,5,5,5,5,1,2,5,1,4,1,2,2,4,3,2,4,5,3,5
"2022-04-04",321,1,1,1,2,2,3,2,2,1,2,2,1,1,2,1,1,1,2,2,5,1,1,2,1,2,6,1,6,1,6,2,4,2,1,4,5,2,3
"2022-04-04",188,4,5,4,4,4,2,1,1,2,2,4,2,1,1,1,4,4,4,4,5,5,5,5,1,2,4,1,4,1,2,2,5,2,1,4,6,3,3
"2022-04-04",814,2,2,2,2,2,2,2,2,2,3,2,3,3,4,2,2,2,2,4,4,4,2,2,1,2,6,1,5,1,6,2,2,3,2,4,6,3,4
"2022-04-04",346,2,2,2,2,2,2,2,2,2,3,2,2,3,3,3,4,5,4,2,4,2,2,2,1,2,4,1,4,1,2,2,3,1,1,4,5,4,5
"2022-04-04",329,3,3,2,2,1,1,2,1,4,2,4,3,4,4,3,3,1,2,3,4,4,3,3,1,2,4,1,3,1,3,2,4,3,1,2,5,3,4
"2022-04-04",187,5,4,4,5,4,2,2,1,4,5,4,5,5,4,1,4,5,4,5,5,4,4,5,1,2,5,1,5,1,5,2,4,2,1,4,6,3,6
"2022-04-04",336,2,2,2,2,1,1,1,2,2,4,2,1,2,4,4,4,5,4,5,4,2,1,1,1,2,5,3,2,1,3,2,2,2,1,4,6,1,2
"2022-04-04",422,1,1,1,1,1,1,1,1,1,2,1,1,1,1,1,1,1,1,1,3,1,1,1,1,2,2,2,2,1,2,2,4,5,2,4,6,2,2
"2022-04-04",537,5,4,3,4,3,2,2,1,1,2,2,3,2,2,3,4,4,4,5,5,4,4,4,1,2,2,2,2,1,2,2,2,2,1,1,2,3,1
"2022-04-04",2361,4,4,3,4,3,2,2,1,1,2,2,3,2,2,3,4,4,4,5,5,4,4,4,1,2,2,1,2,1,2,2,4,2,1,4,4,3,3
"2022-04-04",395,4,4,3,4,3,2,2,1,1,2,2,3,2,2,3,4,4,4,5,5,4,4,4,1,2,2,1,2,1,2,2,4,2,2,4,4,3,3
"2022-04-04",297,5,4,4,5,5,4,5,5,4,2,4,5,5,5,4,5,5,5,4,5,5,5,5,1,2,4,1,4,1,4,2,4,2,2,4,5,3,5
"2022-04-04",479,4,4,2,4,4,4,2,2,5,2,4,2,2,4,1,4,5,5,4,5,4,4,5,1,2,3,1,3,1,3,1,4,3,1,4,3,4,6
"2022-04-04",323,4,4,4,5,5,4,4,4,5,2,4,2,1,4,2,4,2,4,4,5,5,5,4,1,2,6,1,4,1,5,2,5,2,2,4,5,2,3
"2022-04-04",1021,4,4,2,2,4,2,2,2,2,4,4,2,2,2,2,4,5,5,5,5,1,1,1,1,2,5,2,4,1,2,2,1,1,2,5,6,2,2
"2022-04-04",312,4,4,2,4,4,4,2,2,4,2,4,2,2,4,2,4,4,5,5,5,5,5,4,1,2,3,1,3,1,2,1,4,4,1,4,3,3,4
"2022-04-04",464,4,2,2,3,2,2,2,1,3,3,3,2,2,3,1,4,2,3,2,4,4,3,4,1,2,4,1,5,1,3,2,1,1,2,4,4,4,4
"2022-04-04",239,5,5,5,4,4,3,2,2,4,2,5,3,5,5,5,5,2,4,5,5,4,4,5,1,2,5,1,4,1,3,2,5,2,2,4,5,3,3
"2022-04-04",655,4,4,2,4,3,2,2,1,1,2,4,3,2,3,4,4,4,5,5,4,5,4,4,1,2,2,1,2,1,2,2,4,2,2,4,4,3,3
"2022-04-04",614,4,4,3,4,3,3,2,2,1,2,4,3,2,3,4,4,4,5,5,4,5,4,4,1,2,2,1,2,1,2,2,4,2,1,4,5,3,3
"2022-04-04",316,2,2,3,2,1,2,1,1,4,4,4,2,2,4,3,4,2,4,3,5,5,4,4,1,2,2,1,5,1,2,2,2,2,1,2,3,3,3
"2022-04-04",414,2,3,3,2,2,1,1,1,3,3,4,2,2,5,3,4,4,5,3,5,4,4,4,1,2,4,1,5,1,4,2,2,2,1,3,3,4,5
"2022-04-04",183,5,4,3,3,3,4,3,4,2,4,3,4,3,2,3,3,3,3,4,4,3,2,2,1,2,6,1,5,1,5,2,4,2,1,4,6,3,3
"2022-04-04",532,4,5,4,5,2,4,4,3,4,4,5,5,4,5,4,5,5,4,4,5,2,2,2,1,2,6,1,6,1,6,2,4,3,2,3,4,3,4
"2022-04-04",337,4,2,4,4,4,5,4,4,4,4,4,4,3,4,2,4,5,5,2,5,5,4,4,1,2,6,1,4,1,4,2,5,2,1,4,5,3,4
"2022-04-04",576,4,4,4,4,3,2,2,1,1,2,2,2,3,4,4,4,3,4,5,4,5,5,4,1,2,2,1,2,1,2,2,4,2,2,4,4,3,2
"2022-04-04",573,4,4,4,4,3,2,2,1,1,2,2,2,3,4,4,4,3,4,5,4,5,5,4,1,2,2,1,2,1,2,2,4,2,2,4,4,3,3
"2022-04-04",205,2,1,2,1,2,2,1,1,1,4,2,4,4,4,2,4,3,2,2,4,2,2,2,1,2,4,1,3,1,4,2,2,2,1,4,3,3,5
"2022-04-04",215,5,2,5,4,4,5,2,3,2,4,5,4,4,4,2,3,4,5,4,5,1,1,1,1,2,5,1,5,1,5,1,5,1,1,1,3,3,3
"2022-04-04",510,4,4,4,4,3,2,1,2,1,2,3,2,2,2,4,4,4,4,5,4,4,4,5,1,2,2,2,2,1,2,2,4,2,2,1,2,3,1
"2022-04-04",473,4,4,4,4,3,2,1,2,1,2,3,2,2,2,4,4,4,4,5,4,4,4,5,1,2,2,1,2,1,2,2,4,2,1,4,5,3,2
"2022-04-04",199,4,5,4,5,4,4,5,4,5,5,5,4,5,4,2,5,4,5,4,5,4,5,4,1,2,3,1,3,1,3,2,5,4,2,4,4,3,5
"2022-04-04",414,4,2,2,4,2,4,2,2,4,2,4,4,4,4,2,5,5,4,4,5,4,5,4,1,2,2,1,2,1,2,1,4,3,2,4,4,3,3
"2022-04-04",320,4,2,2,4,4,3,2,1,2,2,3,4,4,4,2,4,4,2,4,4,1,2,4,1,2,2,2,2,1,2,2,4,2,2,6,2,3,1
"2022-04-04",215,4,3,3,4,4,2,2,2,2,3,2,2,2,2,2,4,4,4,4,4,4,4,4,1,2,3,1,3,1,3,2,3,2,1,4,6,3,3
"2022-04-04",303,4,4,4,4,3,2,2,1,1,3,2,3,3,3,4,4,4,5,5,4,5,4,5,1,2,2,1,2,1,2,2,4,2,1,4,6,2,2
"2022-04-04",215,4,4,4,4,3,2,2,1,1,3,2,3,3,3,4,4,4,5,5,4,5,4,5,1,2,2,1,2,1,2,2,4,2,1,4,4,3,3
"2022-04-04",172,4,5,5,4,5,5,5,4,5,1,4,3,3,4,4,5,5,5,5,5,3,4,5,1,2,2,2,5,1,5,2,2,2,1,1,2,3,1
"2022-04-04",597,4,3,5,4,3,3,2,4,4,2,3,1,2,2,3,5,2,4,4,5,4,1,1,1,2,3,1,3,1,3,2,4,2,1,2,3,3,4
"2022-04-04",297,4,4,4,4,3,2,2,1,1,2,3,2,2,3,4,4,4,4,5,4,5,4,5,1,2,2,1,2,1,2,2,4,2,1,4,4,3,3
"2022-04-04",7299,5,4,4,3,4,4,5,3,4,3,3,1,1,1,1,3,2,1,2,5,4,3,4,1,2,3,2,4,1,4,2,4,2,1,1,2,3,2
"2022-04-04",602,4,3,5,4,3,3,2,4,3,2,3,2,2,4,2,5,3,5,4,4,1,1,1,1,2,2,1,2,1,2,2,4,3,1,4,4,3,4
"2022-04-04",169,2,2,3,2,2,2,1,1,4,3,2,3,3,4,1,4,3,4,2,4,4,4,2,1,2,5,1,3,1,3,2,2,2,2,1,2,3,3
"2022-04-04",143,5,4,4,3,4,3,2,2,4,3,4,3,2,3,2,4,3,4,4,5,5,5,5,1,2,2,2,5,1,5,2,5,1,1,1,3,4,2
"2022-04-04",431,5,2,2,4,3,2,1,2,1,3,2,3,4,3,2,4,2,5,4,5,1,2,1,1,2,3,1,1,1,3,2,2,3,2,2,3,3,4
"2022-04-04",586,5,2,2,4,3,2,1,2,1,3,2,3,4,4,3,4,3,4,5,5,2,1,2,1,2,3,1,3,1,3,2,2,3,2,4,4,4,4
"2022-04-04",335,4,2,2,5,3,2,1,2,1,3,2,3,4,3,2,4,2,5,4,5,1,2,2,1,2,3,2,3,1,3,2,1,3,2,1,2,3,1
"2022-04-04",294,4,2,3,2,2,1,1,2,3,4,5,4,3,4,3,4,2,3,2,5,3,2,4,1,2,3,1,3,1,3,2,4,2,1,4,4,3,4
"2022-04-04",787,2,1,2,1,2,1,1,1,4,4,2,2,2,5,2,2,4,4,2,5,2,1,2,1,2,6,1,6,1,3,2,2,2,1,4,4,3,5
"2022-04-04",212,4,2,4,5,2,4,2,1,1,4,2,1,3,4,2,4,5,4,5,5,4,3,4,1,2,3,2,6,1,6,2,1,2,1,1,2,3,1
"2022-04-04",288,5,4,4,4,4,2,2,1,1,3,3,4,4,4,3,5,5,4,5,4,4,5,4,1,2,3,1,3,1,3,2,5,3,1,4,4,3,4
"2022-04-04",284,4,3,4,4,4,3,3,3,3,4,4,3,3,4,3,4,4,4,5,5,3,3,2,1,2,4,1,4,1,4,2,4,2,1,5,5,3,3
"2022-04-04",184,5,4,4,4,5,3,3,4,4,3,4,2,2,4,2,4,4,4,2,5,4,5,5,1,2,3,2,6,1,6,2,4,3,2,1,2,3,2
"2022-04-04",281,4,3,4,4,3,2,2,3,4,2,3,2,2,4,2,5,4,5,2,5,2,1,1,1,2,4,2,3,1,3,2,4,1,1,1,2,3,1
"2022-04-05",290,4,3,4,5,4,2,1,2,2,4,3,4,4,5,2,4,5,4,4,5,4,5,5,1,2,3,2,4,1,3,2,4,3,1,2,2,3,1
"2022-04-05",411,4,3,5,4,3,2,1,1,2,4,3,3,5,3,1,4,5,4,4,5,4,5,4,1,2,2,1,2,1,2,2,2,3,2,3,3,3,3
"2022-04-05",208,5,4,4,4,5,4,3,3,4,4,4,3,5,5,4,5,4,5,2,5,5,4,5,1,2,3,1,3,1,3,2,4,3,1,3,4,3,6
"2022-04-05",222,5,2,4,3,2,2,3,2,1,1,2,2,2,4,1,4,4,5,2,5,5,5,5,1,2,3,1,3,1,3,2,4,1,2,1,2,4,3
"2022-04-05",174,4,5,4,4,4,5,4,3,4,4,2,4,5,4,4,2,2,2,3,4,4,4,5,1,2,6,1,6,1,6,2,4,2,1,4,4,3,4
"2022-04-05",160,5,2,4,4,4,2,1,2,4,4,4,5,2,5,1,4,4,4,5,5,5,5,5,1,2,6,2,6,1,3,2,4,3,2,1,2,3,2
"2022-04-05",202,5,5,5,4,5,4,2,2,5,1,4,4,4,5,1,4,5,5,4,5,5,5,5,1,2,3,1,3,1,4,2,4,3,2,1,3,3,3
"2022-04-05",185,5,2,2,2,2,2,2,1,1,2,1,1,2,2,2,5,2,5,2,5,4,4,4,1,2,2,1,2,1,2,2,2,5,1,3,3,3,5
"2022-04-05",148,4,5,5,4,4,4,4,4,5,4,4,4,5,4,4,4,5,5,2,4,5,5,4,1,2,3,1,3,1,3,2,2,2,1,4,4,4,5
"2022-04-05",175,5,4,1,5,2,2,2,2,5,2,5,4,5,4,2,5,2,5,1,1,4,4,2,1,2,6,1,6,1,6,2,1,2,2,1,3,4,5
"2022-04-05",168,5,4,4,3,4,1,1,1,4,1,2,2,1,4,1,4,2,4,5,5,4,4,4,1,2,3,2,4,1,3,2,2,2,2,1,2,3,1
"2022-04-05",314,5,4,4,4,5,4,4,4,4,4,4,5,5,4,3,5,4,5,4,4,4,5,5,1,2,2,1,2,1,2,2,4,2,1,4,7,1,4
"2022-04-05",151,5,3,4,5,2,4,4,4,5,2,5,4,4,4,2,2,2,2,1,4,5,4,4,1,2,2,1,6,1,2,2,5,2,2,3,3,3,6
"2022-04-05",201,5,4,4,4,4,5,4,4,4,2,4,4,2,4,4,5,2,5,2,4,4,4,2,1,2,5,1,6,1,4,2,4,2,2,1,4,4,4
"2022-04-05",353,4,2,3,2,2,1,1,2,3,4,3,4,5,4,3,4,2,4,2,5,2,2,3,1,2,4,1,4,1,4,2,4,2,1,4,3,3,3
"2022-04-05",229,4,3,4,4,3,2,1,1,3,2,4,3,4,5,3,4,4,4,3,5,2,2,2,1,2,6,2,6,1,6,2,1,1,1,2,2,3,1
"2022-04-05",251,5,2,2,3,2,2,1,1,1,4,2,4,3,4,1,5,1,3,4,5,5,5,2,1,2,3,1,5,1,2,2,2,3,2,4,5,3,2
"2022-04-05",163,4,2,4,4,2,3,2,3,3,4,4,2,3,5,2,5,2,4,5,5,5,5,5,1,2,4,1,4,1,4,2,5,3,2,4,4,3,5
"2022-04-05",272,5,3,4,4,3,2,3,3,4,2,3,2,2,1,2,4,4,4,3,5,4,5,5,1,2,3,3,1,1,2,2,1,2,1,4,4,3,4
"2022-04-05",177,5,5,5,5,4,4,4,4,5,1,4,3,4,4,1,5,5,5,4,5,5,4,5,1,2,6,1,5,1,5,2,4,1,2,4,6,3,4
"2022-04-05",293,5,5,5,5,5,5,5,5,5,3,5,3,3,4,3,4,3,4,5,5,2,1,1,1,2,4,1,5,1,3,2,4,1,2,5,6,3,4
"2022-04-05",257,4,2,4,4,4,2,1,2,2,2,2,3,4,4,2,2,2,4,4,4,5,4,5,1,2,3,3,1,2,1,1,2,2,1,4,4,3,4
"2022-04-05",302,2,2,2,2,2,2,3,2,3,2,2,1,1,2,1,5,4,5,3,5,1,1,3,1,2,3,1,6,1,2,2,4,2,2,5,5,4,6
"2022-04-05",221,4,4,4,4,5,2,2,1,5,2,4,2,3,2,2,4,5,4,5,5,2,1,1,1,2,3,1,3,1,3,2,4,1,2,4,5,2,2
"2022-04-05",373,5,4,4,5,3,2,2,1,2,2,3,2,3,4,2,4,5,4,5,4,5,4,5,1,2,2,1,4,1,2,2,5,3,2,4,5,3,2
"2022-04-05",155,5,5,3,4,4,4,4,4,4,3,5,2,3,3,4,5,4,4,5,5,4,3,2,1,2,3,1,3,1,2,2,4,2,1,5,5,3,5
"2022-04-05",319,4,5,2,4,2,2,1,1,2,2,4,2,1,2,1,5,4,5,4,5,2,2,1,1,2,5,1,5,1,5,2,2,2,1,2,2,3,3
"2022-04-05",409,5,4,4,3,3,2,2,2,2,4,3,3,3,5,2,5,3,5,4,5,5,5,5,1,2,6,1,6,1,6,2,5,3,2,2,4,3,3
"2022-04-05",194,5,5,5,5,5,5,3,3,5,3,5,2,2,5,2,1,1,1,1,1,4,4,3,1,2,4,1,4,1,4,2,4,1,1,4,4,3,3
"2022-04-05",157,5,5,5,5,2,3,4,2,2,4,4,4,4,2,1,5,5,4,5,5,5,5,5,1,2,5,2,6,1,5,2,5,1,2,3,6,3,5
"2022-04-05",141,5,3,3,3,4,4,2,2,3,3,2,4,4,4,2,4,2,4,2,5,5,5,5,1,2,3,1,5,1,2,2,2,2,2,3,2,4,4
"2022-04-05",141,5,5,5,5,3,4,4,4,4,3,5,4,4,4,4,4,5,3,3,3,5,5,5,1,2,2,2,2,1,2,2,2,2,2,2,2,3,2
"2022-04-05",951,4,2,3,4,4,2,2,2,4,4,3,4,3,4,2,5,4,4,5,4,2,1,1,1,2,2,1,2,1,2,2,5,3,2,4,4,3,4
"2022-04-05",172,5,4,4,4,2,4,3,2,4,2,5,4,3,4,2,5,4,5,5,5,4,2,3,1,2,2,2,5,1,2,2,2,2,2,1,1,2,1
"2022-04-05",784,4,3,4,5,4,2,2,2,4,4,3,4,3,4,2,4,2,4,4,4,2,2,1,1,2,2,1,2,1,2,2,5,3,2,4,4,3,4
"2022-04-05",679,4,3,4,5,4,2,3,2,4,4,3,4,3,4,2,4,3,5,3,4,2,2,1,1,2,2,1,2,1,2,1,4,3,2,2,3,3,4
"2022-04-05",294,5,3,4,4,4,3,3,2,3,4,3,2,2,4,4,2,2,2,4,4,3,2,4,1,2,3,1,4,1,4,2,5,2,1,1,2,3,1
"2022-04-05",1546,4,3,3,4,3,2,2,2,4,4,3,2,4,4,4,5,4,4,4,5,2,2,2,1,2,4,1,3,1,2,2,1,2,2,4,6,2,4
"2022-04-05",276,3,2,2,2,2,2,2,2,2,3,3,2,2,2,2,2,5,4,2,4,5,5,5,1,2,2,1,4,1,2,2,2,3,2,4,5,4,5
"2022-04-05",403,2,2,2,2,3,1,2,2,2,1,2,1,1,1,1,4,4,4,4,4,2,2,2,1,2,3,1,3,1,3,2,3,1,2,3,5,3,6
"2022-04-05",150,4,2,4,4,2,2,3,3,2,3,2,2,2,4,2,4,4,4,4,4,2,2,2,1,2,3,2,5,1,4,2,4,1,1,1,3,3,1
"2022-04-05",222,2,2,2,2,2,2,2,2,2,4,2,3,2,4,2,3,2,2,2,3,4,4,3,2,1,1,3,1,2,1,2,4,1,2,1,3,3,2
"2022-04-05",170,2,1,1,1,1,2,1,1,1,4,1,5,5,5,2,4,4,3,2,4,5,5,5,1,2,4,2,5,1,3,2,2,5,2,2,2,3,3
"2022-04-05",165,5,4,4,4,3,2,2,1,3,3,5,5,5,5,4,5,4,1,4,5,5,4,4,1,2,3,2,4,1,2,2,4,3,1,4,2,4,3
"2022-04-05",227,3,1,1,1,1,1,1,1,3,3,3,2,1,1,2,1,1,3,4,5,1,2,2,2,2,4,1,3,1,3,2,2,2,2,1,3,3,3
"2022-04-05",175,4,3,3,3,2,2,2,2,2,3,3,3,3,4,2,4,2,4,2,4,4,4,4,1,2,6,1,5,1,5,2,4,3,1,1,3,4,5
"2022-04-05",290,3,2,2,4,4,2,3,3,4,2,4,2,2,2,2,4,4,4,4,4,2,2,2,1,2,4,1,3,1,3,2,4,2,2,4,5,3,5
"2022-04-05",145,4,2,4,3,3,2,2,2,2,2,4,2,2,4,2,4,4,5,4,5,4,4,5,1,2,3,1,3,1,3,1,2,2,1,4,4,3,4
"2022-04-05",223,2,2,2,3,2,3,2,2,4,4,4,3,2,5,2,5,4,4,4,5,1,2,3,1,2,5,1,5,1,2,2,4,3,2,4,5,4,4
"2022-04-05",172,5,3,4,4,4,4,2,2,4,2,4,1,2,4,2,2,4,4,2,4,4,4,4,1,2,3,1,4,1,4,2,2,3,2,1,2,4,1
"2022-04-05",228,4,3,4,4,3,3,3,3,4,4,3,3,3,3,2,4,4,4,4,4,4,4,4,1,2,3,1,3,1,3,2,5,4,2,1,2,3,5
"2022-04-05",173,4,4,5,3,4,4,2,2,5,5,5,5,5,5,3,5,5,4,2,5,4,3,4,1,2,4,2,4,1,4,2,2,2,2,1,2,3,3
"2022-04-05",292,5,5,5,5,3,2,2,2,4,4,4,4,4,4,4,2,2,2,4,4,5,5,5,1,2,3,1,3,1,3,2,4,2,2,5,4,4,4
"2022-04-05",139,4,3,2,4,2,2,2,2,4,2,3,4,4,5,4,5,4,2,4,5,5,5,5,1,2,4,1,5,1,3,2,4,3,2,3,3,3,4
"2022-04-05",155,4,2,5,2,5,4,5,2,2,4,5,1,1,4,3,4,1,5,3,4,4,5,5,1,2,2,2,4,1,5,2,2,3,1,1,2,3,1
"2022-04-05",161,4,4,4,2,2,5,4,4,4,1,4,1,2,2,1,2,2,2,2,5,4,4,5,1,2,3,2,6,1,3,2,2,2,2,2,2,3,1
"2022-04-05",543,4,4,5,4,4,4,3,3,4,4,5,4,5,4,3,4,5,4,5,5,4,5,4,1,2,4,1,4,1,4,2,5,2,2,4,3,3,3
"2022-04-05",227,5,5,5,5,5,5,5,4,5,3,5,3,3,4,2,5,5,5,5,5,2,2,3,1,2,4,2,5,1,5,2,5,1,2,1,2,3,1
"2022-04-05",184,5,3,3,4,4,4,4,3,4,3,4,3,3,4,1,4,4,4,2,5,5,5,5,1,2,4,1,5,1,5,1,2,1,2,4,4,3,4
"2022-04-05",356,5,4,4,4,4,3,3,4,5,5,5,4,5,4,2,5,4,5,4,5,4,5,4,1,2,4,1,4,1,4,2,5,2,1,2,2,3,3
"2022-04-05",333,5,3,4,4,2,1,1,1,2,4,3,4,4,4,2,3,2,3,2,4,5,5,5,1,2,5,1,4,1,2,2,2,2,1,4,4,3,4
"2022-04-05",174,4,2,2,2,2,2,2,2,2,2,2,2,4,4,2,4,2,4,4,4,4,2,4,1,2,6,4,6,1,6,2,4,2,2,1,2,3,1
"2022-04-06",183,4,4,4,4,3,4,2,2,3,3,4,3,3,2,2,4,4,4,4,4,3,3,2,1,2,5,2,5,1,5,2,3,2,2,2,2,3,2
"2022-04-06",228,4,4,5,4,5,2,1,2,4,4,4,4,5,4,2,5,5,4,4,5,4,5,5,1,2,3,1,3,1,3,2,3,3,2,4,6,3,3
"2022-04-06",347,2,1,4,2,2,1,1,1,4,4,2,4,4,5,5,1,5,4,4,5,5,5,4,1,2,3,2,5,1,3,2,4,2,2,2,2,3,1
"2022-04-06",190,5,2,2,4,4,2,2,2,2,2,4,4,4,4,4,5,5,5,2,5,5,5,5,1,2,6,1,5,1,5,1,4,3,2,4,7,3,6
"2022-04-06",171,4,5,4,4,5,2,1,2,4,5,4,4,5,5,2,5,5,4,4,5,4,5,5,1,2,4,1,4,1,4,2,4,2,2,4,6,3,5
"2022-04-06",225,5,2,4,2,2,2,1,2,4,2,4,4,4,5,2,4,1,4,2,5,5,5,5,1,2,5,1,5,1,5,1,4,3,2,1,2,3,3
"2022-04-06",335,2,4,2,4,2,2,1,1,4,3,5,2,3,4,2,4,4,4,2,4,4,4,4,1,2,4,1,5,1,3,2,4,3,2,4,4,4,5
"2022-04-06",172,4,3,4,3,3,2,2,2,4,3,2,4,4,4,2,2,2,2,4,5,5,5,5,1,2,5,2,5,1,3,2,2,1,2,1,2,3,1
"2022-04-06",151,5,4,4,5,5,4,4,4,4,3,4,4,4,4,4,4,3,5,4,5,4,4,4,1,2,4,1,4,1,4,1,2,3,1,1,3,3,4
"2022-04-06",429,4,4,5,4,3,2,2,2,3,4,3,4,4,4,2,4,4,4,4,4,5,5,5,1,2,4,2,4,1,5,2,4,1,2,2,2,3,2
"2022-04-06",146,5,4,4,3,4,3,2,1,1,5,5,5,5,5,2,5,5,5,3,5,5,5,5,1,2,5,1,5,1,5,2,3,2,2,3,3,4,3
"2022-04-06",422,4,3,3,2,2,2,2,2,2,4,3,3,4,5,4,4,4,4,4,5,3,3,3,1,2,4,1,4,1,4,1,2,2,2,4,2,3,3
"2022-04-07",149,5,4,4,4,3,4,4,4,5,4,4,3,3,4,3,4,4,5,4,5,4,4,2,1,2,5,2,5,1,5,2,5,3,2,1,2,3,2
"2022-04-07",190,1,4,2,4,4,4,3,4,4,2,4,2,2,4,2,4,4,5,4,4,2,2,2,1,2,2,2,5,1,5,2,2,2,2,1,2,4,1
"2022-04-07",333,2,4,2,2,3,2,2,1,4,2,2,1,1,4,2,4,3,4,4,5,4,3,2,1,2,3,1,3,1,3,2,5,2,2,2,2,2,3
"2022-04-07",218,5,4,4,5,4,4,4,4,4,3,4,2,2,4,2,4,5,5,4,5,2,2,1,1,2,4,2,3,1,3,2,5,2,2,1,2,3,1
"2022-04-07",160,5,5,4,4,5,4,4,3,5,1,5,3,4,5,3,5,5,4,3,5,5,4,5,1,2,3,2,4,1,3,2,1,4,2,1,1,2,1
"2022-04-07",192,2,2,2,3,2,4,4,2,4,4,2,2,2,4,2,4,4,4,2,5,5,5,5,1,2,2,2,4,1,2,2,4,2,2,1,1,2,1
"2022-04-07",313,4,4,4,4,4,5,5,4,4,3,4,4,4,3,3,4,5,4,4,5,4,4,4,1,2,6,2,6,1,6,2,3,2,2,1,2,4,3
"2022-04-07",148,4,4,3,2,2,2,3,2,4,2,2,4,4,4,1,4,5,4,3,5,4,3,4,1,2,4,4,4,1,4,2,4,1,2,2,2,3,2
"2022-04-07",361,3,4,2,2,2,1,1,1,2,3,2,1,1,4,1,2,5,4,4,4,2,2,4,1,2,3,4,5,1,5,2,1,2,2,1,2,4,1
"2022-04-07",418,4,2,2,2,2,2,2,2,2,4,2,2,2,4,2,2,2,4,2,4,5,5,2,1,2,4,1,5,1,5,2,2,2,1,1,3,4,6
"2022-04-07",239,5,3,4,2,2,2,2,1,1,2,2,2,2,4,2,5,4,4,4,5,1,1,1,1,2,4,1,4,1,4,1,4,2,1,2,3,3,5
"2022-04-07",183,4,2,5,4,4,2,1,1,4,4,3,4,3,4,2,5,2,4,2,5,4,3,4,1,2,3,2,4,1,4,2,4,2,2,1,2,3,1
"2022-04-07",168,5,4,5,4,4,4,3,2,4,2,5,2,4,5,2,5,4,5,4,5,5,5,5,1,2,5,2,5,1,5,2,4,2,2,1,2,3,1
"2022-04-07",465,4,2,2,3,2,2,2,2,2,3,2,3,2,2,1,4,3,3,4,4,3,2,2,1,2,3,2,5,1,5,2,5,2,2,1,2,4,2
"2022-04-07",223,4,4,4,4,4,2,2,2,4,4,4,3,3,4,2,4,4,4,3,5,4,4,4,1,2,4,1,5,1,2,2,4,2,2,1,3,3,4
"2022-04-07",180,4,3,3,2,2,4,2,2,2,4,3,2,2,4,2,4,2,4,4,4,4,4,4,1,2,5,1,5,1,5,2,4,2,2,1,3,4,4
"2022-04-07",181,2,2,2,3,2,2,2,2,2,4,4,4,4,4,3,4,5,4,3,5,5,5,5,1,2,6,1,6,1,6,1,5,5,1,4,4,3,6
"2022-04-07",172,4,2,3,2,2,3,4,4,5,2,2,2,2,2,2,3,2,2,2,2,2,2,2,1,2,2,1,3,1,2,2,4,2,1,2,2,3,3
"2022-04-07",387,4,2,2,3,2,2,1,1,2,3,2,2,2,2,2,4,4,4,2,4,2,2,2,1,2,3,1,3,1,3,2,2,2,2,4,4,3,3
"2022-04-07",284,4,3,2,2,2,2,2,3,2,3,2,2,2,4,2,2,3,2,4,4,4,5,4,1,2,4,1,3,1,3,2,4,3,2,4,4,3,4
"2022-04-07",867,2,3,3,3,2,4,2,2,2,3,3,4,3,4,2,2,3,2,4,5,4,5,5,1,2,4,1,4,1,4,2,4,3,2,4,3,3,3
"2022-04-07",853,2,2,3,3,2,4,2,2,2,3,3,4,3,4,2,2,3,2,4,5,4,5,5,1,2,4,1,4,1,4,2,4,3,1,4,4,4,4
"2022-04-07",183,2,4,2,2,3,2,2,2,4,3,4,3,2,3,2,5,3,4,4,5,2,2,2,1,2,5,1,4,1,4,2,2,1,2,1,3,4,4
"2022-04-07",212,5,4,2,4,2,5,4,2,4,4,2,2,1,4,2,4,2,5,2,4,4,5,4,1,2,4,1,4,1,3,2,4,2,2,1,3,3,4
"2022-04-07",187,4,2,5,4,2,1,2,2,2,3,4,4,5,4,3,2,1,2,3,5,5,4,4,1,2,4,1,4,1,4,1,4,3,1,3,2,3,6
"2022-04-07",229,2,4,4,4,4,4,4,4,5,2,5,4,4,5,2,4,3,4,4,5,5,5,5,1,2,5,1,5,1,5,2,3,2,1,2,3,3,5
"2022-04-07",163,5,4,4,4,4,4,3,2,4,2,4,2,4,4,4,4,4,4,5,4,2,1,4,1,2,4,1,4,1,4,1,5,2,1,4,3,3,4
"2022-04-07",468,5,2,2,2,2,1,1,2,2,2,3,2,2,3,1,4,5,4,4,5,2,1,1,1,2,3,3,1,1,3,2,2,2,1,1,2,3,3
"2022-04-07",242,3,2,2,2,3,3,2,2,2,3,3,4,4,4,1,2,3,3,4,5,4,4,5,1,2,4,1,4,1,4,2,4,3,1,4,3,3,4
"2022-04-07",203,4,2,2,2,2,2,2,1,2,3,4,2,2,4,1,5,4,5,4,5,2,1,2,1,2,3,3,1,1,3,2,2,2,1,1,2,3,3
"2022-04-07",194,2,2,2,2,2,2,2,2,2,2,2,2,2,3,2,4,3,4,4,4,2,2,2,1,2,3,1,5,1,5,2,5,1,2,1,2,4,2
"2022-04-07",162,4,4,4,3,3,2,3,2,3,3,3,2,2,4,1,5,5,5,4,5,4,4,3,1,2,4,1,5,1,4,2,2,2,2,1,2,4,2
"2022-04-07",171,2,4,3,2,2,3,2,2,2,2,2,3,3,3,2,4,2,4,4,4,4,4,4,2,2,3,1,6,1,4,2,2,2,1,3,4,4,4
"2022-04-07",154,1,2,2,2,1,2,2,2,3,2,2,1,1,2,1,4,2,4,5,5,1,1,1,1,2,3,1,4,1,3,2,2,1,2,2,2,3,3
"2022-04-07",210,4,3,3,4,4,2,2,2,4,2,2,2,2,3,2,4,4,4,4,4,4,4,4,1,2,4,1,2,1,4,1,5,3,1,3,4,3,3
"2022-04-07",197,4,4,5,4,5,4,2,2,4,4,4,4,5,5,2,5,5,4,4,5,4,5,4,1,2,4,1,4,1,4,2,4,2,2,1,3,3,2
"2022-04-07",198,5,2,1,2,3,3,1,1,2,4,1,1,1,4,2,5,4,5,3,4,2,1,1,1,2,4,1,5,1,4,2,2,1,2,2,2,3,1
"2022-04-07",219,5,3,3,4,4,2,1,1,2,3,3,4,4,4,2,5,5,5,4,5,4,4,5,1,2,3,1,3,1,3,2,4,3,2,4,4,3,4
"2022-04-07",202,4,2,4,5,2,2,1,2,1,5,1,2,1,4,1,5,2,4,2,5,4,5,4,1,2,5,1,4,1,4,2,1,2,2,4,4,3,4
"2022-04-07",284,4,3,4,2,2,2,3,2,5,3,4,5,4,4,3,4,4,5,5,5,5,5,5,1,2,3,2,6,1,6,2,2,3,2,1,2,3,1
"2022-04-07",190,5,2,2,2,4,4,2,2,4,1,2,1,1,4,1,4,5,5,2,5,5,5,5,2,2,5,1,3,1,3,2,4,3,2,1,3,3,5
"2022-04-07",156,4,2,2,1,2,1,2,1,2,2,4,2,2,3,1,4,2,5,4,5,4,2,4,2,2,2,2,5,1,5,2,4,1,2,1,2,3,1
"2022-04-07",145,4,4,4,3,2,2,2,2,2,2,2,4,4,4,2,4,4,4,4,4,5,5,5,1,2,6,2,6,1,6,2,2,2,2,2,2,3,1
"2022-04-08",161,2,2,4,2,2,4,4,4,4,5,4,4,4,5,2,5,3,5,5,5,5,5,5,1,2,5,2,6,1,5,2,3,2,2,1,2,3,1
"2022-04-08",139,5,4,4,4,5,5,5,3,3,1,4,3,2,4,2,4,5,2,5,5,4,4,4,2,2,3,2,4,1,4,2,2,2,2,1,2,3,1
"2022-04-08",232,5,4,5,4,5,4,4,5,5,5,5,4,5,4,5,5,4,5,4,5,4,5,5,1,2,3,1,3,1,2,2,2,3,2,4,3,3,4
"2022-04-08",295,4,4,4,4,2,5,4,4,2,3,4,3,3,4,2,4,4,4,4,5,5,5,5,1,2,5,2,5,1,3,2,4,2,2,1,2,2,2
"2022-04-08",416,2,4,2,4,3,2,3,3,3,3,3,3,2,4,4,4,5,4,5,5,4,4,4,1,2,3,1,3,1,3,2,2,2,1,4,5,3,3
"2022-04-08",218,5,4,5,4,4,4,4,4,5,4,5,5,5,5,4,2,2,2,2,4,5,5,5,1,2,5,2,5,1,5,2,5,2,2,1,2,4,3
"2022-04-08",181,4,4,4,3,2,2,2,2,2,3,2,3,3,3,3,3,3,3,2,5,5,5,5,1,2,5,1,5,1,3,2,2,2,2,1,3,4,6
"2022-04-08",371,5,5,5,5,5,4,3,2,4,3,4,4,4,4,4,5,5,4,4,5,3,4,4,1,2,5,1,5,1,5,2,4,5,1,2,3,3,4
"2022-04-08",248,2,2,2,2,2,2,2,2,2,4,2,2,2,2,2,4,4,4,4,4,2,2,2,1,2,6,1,6,1,5,2,4,1,2,4,3,3,4
"2022-04-08",189,5,4,4,5,3,3,2,2,4,4,3,5,4,4,3,4,5,4,5,5,5,4,4,1,2,4,1,4,1,4,2,4,2,1,1,3,4,3
"2022-04-08",327,4,4,4,3,2,2,2,2,2,2,3,2,3,3,3,4,3,4,2,4,2,2,2,1,2,3,1,3,1,3,2,4,5,2,4,4,4,6
"2022-04-08",182,5,4,5,5,5,4,4,3,5,5,5,4,4,5,3,5,5,5,5,5,5,5,5,1,2,4,2,5,1,5,2,2,2,2,1,2,4,1
"2022-04-08",213,4,2,3,3,3,2,2,2,3,2,4,2,2,4,2,4,4,4,4,5,1,5,5,1,2,4,2,6,1,6,2,3,2,2,1,2,3,1
"2022-04-08",265,4,4,4,4,2,5,4,4,4,4,4,5,5,5,4,4,2,4,2,5,5,5,5,1,2,6,1,6,1,6,2,4,4,1,2,2,4,3
"2022-04-08",304,4,4,2,2,2,1,3,2,2,2,2,2,4,4,3,2,4,5,2,5,5,5,5,1,2,5,1,5,1,5,2,1,2,1,1,5,3,5
"2022-04-08",158,4,4,4,5,4,4,3,2,3,2,4,4,3,4,3,4,3,4,3,4,4,4,4,1,2,6,2,4,1,6,2,2,4,1,1,2,4,1
"2022-04-08",204,4,3,5,2,4,4,4,2,4,2,5,4,4,4,4,4,2,2,2,2,5,5,5,1,2,5,2,5,1,6,2,1,2,1,1,2,3,1
"2022-04-08",172,5,2,3,2,3,2,1,2,3,5,4,4,4,4,2,4,5,5,4,5,3,3,4,1,2,4,1,4,1,3,1,4,2,1,1,2,3,3
"2022-04-08",141,5,4,5,4,5,3,2,2,2,5,2,4,4,4,4,4,4,4,4,4,4,3,2,1,2,4,2,3,1,4,2,2,2,1,2,2,2,1
"2022-04-08",178,4,5,4,4,5,4,1,1,4,5,4,4,5,5,2,4,5,4,1,5,4,5,5,1,2,4,1,4,1,4,2,2,2,1,4,4,3,6
"2022-04-08",312,5,2,2,4,3,2,1,1,2,4,4,5,3,5,4,5,5,4,4,5,4,3,2,1,2,4,1,4,1,4,2,4,1,2,1,2,3,4
"2022-04-08",132,5,5,5,5,5,5,5,5,5,1,5,5,4,5,5,1,1,1,2,5,5,5,5,1,2,6,2,5,1,5,2,4,1,2,2,2,3,1
"2022-04-08",130,4,2,4,3,3,2,2,1,1,1,3,2,2,1,1,3,3,3,2,5,5,5,5,1,2,5,1,4,1,4,2,2,2,2,1,4,3,4
"2022-04-08",225,4,4,3,4,2,2,4,4,3,1,2,1,1,1,1,2,4,4,4,4,2,1,2,1,2,4,2,4,1,4,2,2,1,2,1,2,3,1
"2022-04-08",143,4,2,4,4,2,2,1,1,2,3,2,1,1,3,1,4,1,4,4,4,2,2,1,1,2,6,2,6,1,6,2,4,2,1,2,2,3,2
"2022-04-08",258,5,4,5,5,4,4,2,4,5,4,5,4,5,5,4,4,2,5,2,5,5,5,5,1,2,5,1,5,1,5,2,4,3,1,4,5,3,4
"2022-04-08",250,4,4,4,4,4,2,3,2,4,2,2,4,5,5,2,2,2,4,5,5,5,5,5,1,2,4,2,5,1,6,2,2,2,1,2,2,3,1
"2022-04-08",300,5,4,5,5,4,5,5,5,4,4,5,5,5,4,5,2,1,2,1,2,4,5,5,1,2,3,1,3,1,2,1,2,3,1,4,3,3,3
"2022-04-09",172,5,4,5,5,3,5,2,3,4,5,5,5,4,4,3,2,3,1,1,4,3,3,4,1,2,3,1,3,1,3,2,5,1,1,1,2,3,2
"2022-04-09",164,2,4,3,2,4,2,2,2,2,2,2,4,4,4,4,4,3,3,2,4,2,2,4,2,2,6,1,6,1,6,2,1,2,2,2,2,3,3
"2022-04-09",131,5,4,4,4,5,2,1,1,4,2,2,3,2,3,2,4,4,4,5,5,4,3,4,1,2,5,2,6,1,4,2,4,2,2,2,2,4,1
"2022-04-09",143,4,4,4,3,3,2,4,4,3,2,3,2,2,4,2,4,2,4,2,4,4,3,4,1,2,4,2,5,1,6,2,2,3,2,1,2,3,2
"2022-04-09",283,4,3,3,4,4,3,4,4,4,2,2,2,3,4,1,4,3,4,2,4,5,5,4,1,2,6,1,6,1,3,2,4,2,2,4,4,3,2
"2022-04-09",176,5,5,5,4,3,1,1,3,3,3,5,2,1,1,3,5,5,5,5,4,1,1,4,1,2,5,1,6,1,4,1,5,1,1,1,2,2,2
"2022-04-09",156,4,3,4,3,3,3,2,2,3,3,3,3,3,3,3,4,4,3,3,4,3,3,4,1,2,3,1,3,1,3,2,5,2,2,1,2,3,3
"2022-04-09",409,4,3,4,4,4,2,2,2,2,3,4,4,4,4,4,4,4,4,3,5,4,3,4,1,2,5,1,4,1,4,2,2,2,1,2,3,4,5
"2022-04-09",132,4,4,4,4,5,4,3,4,3,4,4,4,4,5,4,2,2,2,4,4,4,5,4,1,2,5,2,6,1,4,2,4,3,1,1,2,3,3
"2022-04-09",159,5,2,5,2,5,4,4,4,2,1,5,1,1,5,5,5,2,5,5,5,5,3,4,1,2,5,2,5,1,5,2,3,1,2,1,2,3,2
"2022-04-10",640,5,5,5,5,5,5,5,3,5,3,5,3,2,2,1,5,5,5,5,5,1,1,1,1,2,3,1,3,1,3,2,5,1,1,4,5,2,5
"2022-04-10",154,5,3,4,4,4,4,2,2,3,4,4,2,2,3,4,4,4,4,5,5,1,1,2,1,2,4,1,4,1,3,2,4,2,1,3,3,3,4
"2022-04-10",163,5,4,4,4,5,3,2,2,4,3,4,4,2,4,2,4,4,4,2,4,4,3,2,1,2,4,2,4,1,4,2,4,1,2,1,2,3,1
"2022-04-10",198,4,2,4,4,4,2,2,2,4,4,4,1,1,2,1,5,2,4,4,4,3,3,2,1,2,5,2,5,1,5,2,4,2,1,2,2,3,2
"2022-04-10",167,4,5,4,3,4,5,5,4,4,2,4,2,2,5,5,5,5,4,5,5,5,5,5,1,2,5,1,5,1,4,1,2,1,2,1,3,3,3
"2022-04-10",324,5,4,5,4,4,4,3,4,4,2,4,3,2,4,3,5,5,5,5,5,5,5,5,1,2,6,2,6,1,6,2,5,2,2,2,2,3,1
"2022-04-10",248,2,2,2,2,2,2,1,2,1,2,2,2,2,2,2,4,2,4,4,4,2,2,2,1,2,3,1,2,1,4,2,2,1,2,4,5,2,2
"2022-04-10",160,4,4,5,4,2,2,4,2,5,1,5,2,1,4,2,5,5,4,4,5,4,4,2,1,2,4,1,4,1,5,2,4,1,2,3,3,3,4
"2022-04-10",151,5,4,4,4,4,4,4,4,4,3,4,2,2,4,2,4,4,4,4,5,4,4,4,1,2,6,2,6,1,6,1,5,2,2,1,2,4,2
"2022-04-10",191,4,4,2,2,2,2,2,2,4,2,4,2,2,4,2,3,4,3,4,4,4,2,4,1,2,5,2,5,1,4,2,2,2,2,1,2,3,1
"2022-04-10",854,4,2,2,4,4,2,2,2,3,3,3,5,4,5,3,2,2,2,2,4,5,5,5,1,2,4,1,5,1,5,1,2,2,2,3,4,3,5
"2022-04-10",202,4,3,4,4,4,2,3,2,3,4,4,3,4,5,3,2,2,2,2,4,4,4,4,1,2,4,3,4,1,4,2,2,2,1,4,4,3,4
"2022-04-10",217,4,3,3,4,3,2,2,2,3,4,2,3,4,4,2,5,2,3,4,4,2,3,4,1,2,3,1,3,1,3,2,2,2,1,4,4,3,3
"2022-04-10",231,4,5,4,4,4,5,5,5,4,3,5,3,3,4,2,4,4,4,4,5,3,3,3,1,2,5,1,6,1,6,2,4,3,2,4,4,3,5
"2022-04-10",310,5,4,5,4,4,2,2,4,4,2,4,2,4,4,2,4,4,4,4,5,5,5,5,1,2,6,1,6,1,5,2,4,3,1,4,6,3,3
"2022-04-10",288,5,5,5,5,4,3,2,3,4,3,4,1,2,4,2,4,4,4,5,5,4,4,5,1,2,3,1,5,1,5,2,5,2,2,4,5,3,3
"2022-04-10",352,2,4,2,2,2,2,2,2,4,3,4,1,1,2,2,5,5,5,5,5,1,1,1,1,2,5,1,5,1,3,2,2,1,2,4,4,3,4
"2022-04-10",192,4,4,3,3,2,2,1,2,3,2,3,4,4,4,3,4,2,4,5,5,4,3,3,1,2,5,1,5,1,5,2,4,3,1,1,3,3,4
"2022-04-10",149,4,4,4,4,4,4,5,5,4,2,4,2,2,4,2,5,5,4,4,5,5,5,5,2,2,4,2,5,1,5,2,4,1,1,1,2,3,1
"2022-04-10",148,3,2,2,3,2,2,2,2,2,2,4,2,2,2,2,4,2,4,4,4,2,3,2,1,2,6,2,6,1,6,2,3,1,2,1,2,3,1
"2022-04-10",570,4,4,4,4,4,4,4,4,4,2,4,2,3,4,3,4,4,4,4,4,4,4,4,1,2,5,1,5,1,3,2,4,5,2,4,7,3,3
"2022-04-10",195,4,2,3,4,5,4,4,4,3,2,3,3,2,4,5,5,2,4,1,5,5,4,5,1,2,5,1,3,1,3,2,2,3,2,4,4,3,5
"2022-04-10",184,5,3,4,5,5,3,3,3,4,4,5,2,4,4,2,2,3,2,2,2,4,2,3,1,2,5,2,5,1,5,2,1,3,2,1,2,3,1
"2022-04-10",141,4,2,3,3,4,3,3,3,2,2,3,1,1,1,1,2,3,3,3,4,2,2,2,2,2,4,1,6,1,4,2,4,1,2,2,2,3,3
"2022-04-10",225,4,4,4,4,2,4,3,3,4,2,4,2,2,4,1,2,2,4,4,4,4,4,4,1,2,4,1,4,1,4,2,5,2,2,4,4,3,4
"2022-04-10",146,2,4,2,2,2,2,2,2,4,2,4,3,2,2,1,4,1,4,5,4,2,2,1,1,2,3,1,3,1,3,2,2,2,2,1,2,3,3
"2022-04-10",165,4,4,4,4,3,2,2,2,4,2,4,4,4,4,2,4,5,3,2,5,4,4,4,1,2,6,1,4,1,4,2,3,2,1,1,2,4,1
"2022-04-10",164,5,4,4,2,1,4,2,2,4,5,3,4,4,4,1,4,4,4,1,4,5,5,5,1,2,6,2,6,1,6,2,2,3,1,2,2,3,3
"2022-04-10",138,2,4,4,5,2,4,5,4,2,2,2,2,1,2,1,3,2,5,5,4,5,5,5,1,2,5,2,6,1,6,2,2,2,2,1,2,3,1
"2022-04-10",402,4,2,4,4,2,4,2,3,3,5,4,4,4,5,4,4,4,5,5,5,4,4,5,1,2,4,1,4,1,4,2,4,3,1,4,4,3,4
"2022-04-10",149,4,2,4,4,4,3,3,3,4,2,4,4,4,5,2,4,5,5,2,4,4,4,4,1,2,5,2,6,1,5,2,4,2,2,2,2,3,2
"2022-04-10",330,5,4,5,4,5,4,4,4,5,2,4,4,5,5,2,5,4,5,4,4,5,5,5,1,2,5,1,3,1,5,2,5,2,1,4,4,3,5
"2022-04-10",176,4,2,4,2,2,2,2,2,2,2,2,2,4,4,2,2,2,2,2,4,4,4,2,1,2,5,1,4,1,4,1,1,2,2,2,2,3,3
"2022-04-10",165,4,4,4,3,4,4,2,2,4,2,4,4,2,4,1,2,2,4,2,5,2,2,2,1,2,5,1,4,1,4,2,2,2,2,1,3,4,3
"2022-04-10",285,5,5,5,5,4,5,5,5,5,5,5,5,5,5,3,5,5,5,5,5,5,5,5,1,2,4,1,4,1,4,2,5,4,1,4,4,3,4
"2022-04-10",211,4,3,4,4,4,2,2,2,3,2,3,4,3,4,2,4,2,3,4,4,4,3,3,1,2,5,1,6,1,5,2,2,2,1,1,4,4,4
"2022-04-10",143,5,3,3,3,4,2,2,2,2,3,3,2,2,3,2,4,2,3,2,4,4,4,4,1,2,6,1,5,1,3,1,1,2,1,2,2,3,3
"2022-04-10",283,4,4,4,4,5,4,4,3,4,2,3,3,2,4,2,4,3,4,3,4,2,2,2,1,2,5,1,5,1,5,2,2,2,2,2,2,3,2
"2022-04-10",268,4,2,3,4,3,2,2,1,2,3,2,2,3,3,2,2,4,3,2,4,2,2,2,1,2,5,1,5,1,5,2,4,1,2,4,5,3,3
"2022-04-10",181,5,5,5,4,4,3,2,2,4,2,5,5,5,5,5,5,5,5,5,5,5,5,5,1,2,5,1,5,1,5,2,5,5,1,2,4,4,6
"2022-04-10",156,5,4,4,4,4,2,2,2,3,2,4,2,4,4,2,4,4,4,2,4,5,5,4,1,2,4,2,4,1,4,1,2,3,2,1,4,4,4
"2022-04-10",140,4,4,4,4,3,4,4,4,4,2,4,2,2,2,2,5,4,5,4,5,4,3,4,1,2,4,2,4,1,4,2,1,2,2,1,2,3,1
"2022-04-10",170,4,4,5,4,5,4,5,3,4,5,3,3,3,3,1,4,4,5,5,5,1,1,1,1,2,5,1,5,1,5,2,5,1,2,2,2,3,3
"2022-04-10",178,3,4,3,3,2,2,3,2,4,2,4,4,4,4,4,4,3,4,4,5,5,5,5,1,2,5,2,5,1,5,2,4,3,2,2,2,4,1
"2022-04-10",176,4,4,4,4,5,4,2,2,4,5,4,4,4,4,2,4,5,4,5,5,4,4,5,1,2,4,1,6,1,5,1,4,4,1,2,4,4,6
"2022-04-10",140,5,4,4,5,4,4,4,3,4,2,4,3,2,4,1,4,5,5,4,5,4,3,4,1,2,3,2,6,1,6,2,4,2,2,1,2,3,2
"2022-04-10",171,5,4,4,3,2,2,2,3,4,3,4,3,4,4,2,5,5,5,5,5,4,4,3,1,2,6,1,6,1,5,2,5,2,2,4,5,3,5
"2022-04-10",197,5,2,4,3,2,2,2,2,2,2,3,4,4,4,2,4,4,4,4,4,5,5,5,1,2,3,1,3,1,3,2,2,2,1,1,3,3,4
"2022-04-10",323,4,5,4,5,5,4,4,5,4,4,4,5,4,5,4,2,1,1,2,1,4,5,5,1,2,3,1,3,1,3,2,2,3,1,4,3,3,4
"2022-04-10",157,4,3,5,3,2,3,4,3,2,3,4,4,4,5,4,4,2,3,4,4,4,4,4,1,2,6,1,5,1,5,2,4,2,1,1,3,3,3
"2022-04-10",138,5,4,4,4,4,4,3,4,5,3,5,5,4,5,5,4,4,4,3,5,5,5,5,1,2,6,2,6,1,6,2,2,2,1,1,2,3,1
"2022-04-10",173,5,4,2,2,2,1,1,1,2,3,4,3,4,4,2,2,1,3,3,4,3,3,3,1,2,3,2,6,1,6,2,1,1,2,1,2,3,1
"2022-04-10",221,5,4,4,4,4,4,3,3,4,3,5,4,2,4,2,4,2,4,4,5,4,4,5,1,2,5,1,5,1,5,2,4,2,2,1,2,4,3
"2022-04-10",164,5,4,4,4,5,5,3,4,4,3,5,5,5,5,2,4,4,5,5,5,4,3,5,1,2,5,1,4,1,4,1,4,3,1,1,2,3,3
"2022-04-10",192,5,5,5,5,5,5,5,5,5,1,5,1,1,1,1,5,1,5,5,5,1,1,1,1,2,3,1,6,1,6,2,1,1,1,2,3,4,6
"2022-04-10",179,5,4,4,4,3,3,3,2,2,2,3,3,3,3,1,2,1,2,3,2,5,5,5,1,2,4,1,6,1,4,2,4,3,1,5,4,3,4
"2022-04-10",235,5,2,3,2,1,1,1,1,1,5,1,5,5,5,1,3,3,3,3,3,5,4,4,1,2,5,1,5,1,5,2,2,2,1,1,3,3,3
"2022-04-10",139,4,2,3,4,2,4,4,3,4,4,5,2,3,4,2,4,4,4,2,5,4,3,4,1,2,6,1,6,1,6,2,2,2,2,2,2,4,3
"2022-04-10",241,4,4,4,2,3,2,1,2,4,2,3,2,2,4,1,2,3,4,2,4,2,2,2,1,2,6,1,6,1,6,2,2,1,1,1,4,4,5
"2022-04-10",148,2,3,2,2,2,2,4,2,4,2,4,3,3,4,2,3,4,2,2,4,5,4,2,1,2,4,2,4,1,4,2,3,2,2,1,2,3,1
"2022-04-10",137,2,2,2,2,2,2,2,1,4,2,2,2,2,2,1,5,3,5,3,5,4,4,3,1,2,4,1,6,1,4,1,4,3,2,3,3,4,4
"2022-04-10",166,5,2,2,3,3,4,4,4,4,2,4,3,2,4,1,4,4,4,4,5,4,5,5,1,2,5,1,5,1,4,2,5,3,2,2,3,3,3
"2022-04-10",329,2,2,1,2,2,2,2,1,2,2,3,2,3,4,2,2,2,2,2,4,3,2,2,1,2,4,2,4,1,4,2,2,2,2,2,2,3,1
"2022-04-10",197,4,2,4,2,2,2,2,2,2,2,2,2,2,2,2,2,2,2,4,2,5,4,4,1,2,4,1,3,1,4,2,4,1,2,4,4,3,3
"2022-04-10",205,5,4,4,2,2,4,2,2,3,2,2,2,2,2,2,4,4,4,5,5,3,2,3,1,2,6,2,6,1,6,2,3,1,2,1,2,3,1
"2022-04-10",248,4,2,4,2,2,2,1,1,5,2,4,1,4,5,1,5,5,4,5,5,5,5,5,1,2,3,2,5,1,5,2,2,1,2,2,2,3,1
"2022-04-10",240,4,4,4,4,3,3,3,3,4,4,3,4,4,4,2,4,4,4,4,5,5,5,5,1,2,6,2,6,1,6,2,2,3,2,2,2,4,1
"2022-04-10",135,5,3,4,4,4,2,2,2,3,2,4,4,4,5,2,1,1,1,2,4,5,5,5,1,2,5,1,4,1,4,2,1,4,2,2,3,4,6
"2022-04-10",757,2,2,2,2,2,2,2,2,1,2,1,1,5,5,5,4,4,4,4,4,1,1,1,1,2,3,1,3,1,2,2,4,1,2,4,5,1,2
"2022-04-10",140,4,4,4,4,4,4,4,3,4,2,4,2,2,4,2,5,5,5,4,5,4,4,4,1,2,3,2,6,1,6,2,2,3,2,2,3,4,2
"2022-04-10",148,2,5,3,4,2,5,4,4,5,3,5,2,4,5,2,4,5,5,3,5,5,5,5,1,2,3,2,6,1,6,2,2,2,2,1,2,3,1
"2022-04-10",235,5,3,4,4,4,3,3,3,3,3,3,3,3,4,4,4,4,4,2,5,5,4,5,1,2,5,1,5,1,5,2,2,1,2,1,3,3,4
"2022-04-10",140,4,5,5,2,4,5,3,2,4,2,4,2,2,4,1,5,2,5,3,5,2,1,2,1,2,6,2,5,1,5,1,4,2,2,1,2,3,2
"2022-04-11",145,4,3,2,2,2,2,2,2,2,2,1,3,3,2,3,4,4,4,3,5,3,2,2,2,2,6,2,5,1,4,2,5,1,1,1,2,3,1
"2022-04-11",181,4,3,4,4,3,3,3,2,3,3,3,4,4,4,3,4,4,4,4,4,4,4,4,1,2,3,1,3,1,3,2,4,2,2,4,4,3,3
"2022-04-11",162,5,5,5,5,5,3,2,2,2,4,4,4,4,4,3,3,1,2,5,5,4,4,3,1,2,4,2,3,1,6,2,5,2,1,1,2,3,3
"2022-04-11",355,4,5,5,4,4,5,4,4,4,4,5,5,4,5,4,2,1,2,2,1,4,5,5,1,2,3,1,3,1,3,2,2,3,1,4,3,3,4
"2022-04-11",370,1,3,1,1,5,5,5,5,5,1,5,5,1,1,1,1,1,1,1,1,1,1,1,2,2,3,3,4,1,4,2,3,2,2,4,4,3,2
"2022-04-11",94,5,4,5,5,3,5,3,3,4,2,5,5,5,5,3,4,5,4,2,5,5,5,5,1,2,6,2,6,1,6,2,4,2,2,1,2,4,1
"2022-04-11",179,5,4,4,5,4,5,4,3,4,4,4,4,5,4,3,4,5,4,4,5,3,3,3,1,2,3,1,3,1,3,2,4,3,1,4,4,3,4
"2022-04-11",218,4,4,4,4,3,3,4,3,5,3,4,3,4,4,3,5,5,5,4,5,4,4,4,1,2,4,2,4,1,4,2,4,2,2,2,2,3,2
"2022-04-11",159,5,4,4,5,4,5,3,4,4,3,4,5,4,5,3,4,5,4,4,5,4,4,5,1,2,3,1,3,1,3,2,5,3,2,4,4,3,3
"2022-04-11",270,5,4,5,4,2,4,2,2,4,4,5,4,5,5,2,4,5,4,2,5,4,3,4,1,2,3,2,6,1,5,2,4,3,2,1,2,4,2
"2022-04-11",176,3,2,1,1,2,2,3,1,3,4,3,3,2,3,3,4,4,4,4,4,3,3,2,1,2,3,2,6,1,6,1,2,3,2,1,2,4,1
"2022-04-11",350,4,2,4,4,4,4,2,2,4,2,5,2,2,4,1,4,2,5,2,5,5,5,4,1,2,5,2,5,1,5,2,4,3,2,1,2,4,1
"2022-04-11",228,4,2,2,2,4,2,2,2,2,2,4,2,2,2,2,4,4,4,4,4,4,4,4,1,2,6,1,6,1,6,2,4,1,2,1,3,3,3
"2022-04-11",110,5,5,5,5,5,4,5,5,5,2,5,5,5,5,3,3,1,5,4,4,5,5,5,1,2,6,2,6,1,6,2,5,2,2,1,2,4,1
"2022-04-11",124,4,5,4,4,5,4,2,3,4,4,4,4,5,4,2,4,5,4,4,5,4,5,4,1,2,2,1,2,1,2,2,4,3,2,3,3,3,3
"2022-04-11",307,4,5,4,5,4,4,4,5,4,4,4,2,4,4,4,4,3,4,4,4,4,4,4,1,2,4,2,5,1,5,2,4,2,2,1,2,4,1
"2022-04-11",244,1,1,1,1,1,1,1,1,1,5,2,3,3,5,5,3,4,4,3,4,4,4,4,1,2,6,1,6,1,6,2,5,2,2,4,6,2,2
"2022-04-11",120,5,5,5,4,4,4,5,4,4,5,4,3,4,4,5,4,3,4,4,5,4,4,5,1,2,3,2,4,1,3,2,4,3,2,2,2,3,5
"2022-04-11",232,5,4,5,5,4,5,4,3,4,3,5,2,2,5,3,4,5,1,2,4,5,5,5,1,2,5,1,5,1,3,2,4,2,1,1,2,3,2
"2022-04-11",162,5,5,4,4,4,4,2,3,5,2,4,2,3,4,3,5,4,4,4,4,4,5,5,1,2,4,1,3,1,3,2,2,2,2,1,3,3,4
"2022-04-11",462,4,5,4,3,2,2,2,2,4,3,3,2,2,2,3,3,3,4,4,4,2,2,2,1,2,3,1,5,1,3,2,5,2,2,4,4,3,3
"2022-04-11",190,4,4,4,3,5,4,3,2,4,2,4,4,4,4,3,4,5,5,5,5,4,4,5,1,2,4,2,5,2,5,2,5,2,2,1,2,3,1
"2022-04-11",143,4,3,4,2,2,4,2,2,3,3,3,2,1,2,1,4,4,3,4,4,2,1,1,1,2,3,2,6,1,6,2,2,1,2,1,2,3,1
"2022-04-11",157,4,4,3,4,3,2,3,2,3,2,2,2,4,4,4,4,4,4,4,4,5,5,5,1,2,5,2,5,1,5,2,2,2,1,1,2,4,2
"2022-04-11",228,4,4,5,4,4,3,2,2,4,2,3,3,4,4,2,4,4,5,4,5,4,3,4,1,2,3,2,6,1,6,2,2,1,2,1,2,3,1
"2022-04-11",238,5,4,2,5,2,2,1,1,4,3,4,1,1,4,2,4,5,5,5,5,1,1,1,1,2,3,1,3,1,3,2,1,3,1,3,2,3,2
"2022-04-11",250,2,3,2,4,3,2,2,2,2,2,2,2,2,4,2,4,4,3,2,4,2,1,3,1,2,6,1,6,1,4,2,2,2,2,4,5,3,5
"2022-04-11",164,5,4,5,5,4,4,3,3,5,2,4,4,2,2,3,4,4,4,4,5,3,2,1,1,2,6,2,5,1,4,1,2,3,2,2,3,4,4
"2022-04-11",137,5,4,5,5,5,3,2,1,5,1,2,1,4,5,1,5,5,5,1,5,5,4,1,1,2,6,2,6,1,6,2,1,1,2,2,2,3,1
"2022-04-11",146,4,3,4,4,5,3,3,2,4,2,4,2,3,4,3,3,4,4,5,5,4,3,4,1,2,6,2,6,1,6,2,2,2,2,1,2,3,1
"2022-04-11",146,4,2,5,4,4,2,1,1,3,2,5,3,4,4,5,5,1,2,4,5,3,3,1,1,2,4,2,6,1,6,2,1,2,1,1,2,3,2
"2022-04-11",235,5,5,5,5,5,5,4,4,5,1,5,1,1,5,1,4,1,3,4,5,2,2,1,1,2,4,2,5,1,5,2,4,2,1,1,2,3,3
"2022-04-11",327,4,4,2,4,2,5,5,5,5,1,1,2,1,1,1,5,2,5,5,5,5,5,3,1,2,6,2,6,1,6,2,4,1,2,1,2,3,1
"2022-04-11",172,4,4,4,4,4,3,4,3,3,4,4,3,3,4,2,4,2,4,4,4,4,4,4,1,2,6,1,6,1,5,2,4,3,2,4,4,3,3
"2022-04-11",227,5,4,4,4,2,2,1,1,5,4,4,3,3,5,3,5,4,5,3,4,5,5,5,1,2,5,1,6,1,4,2,2,3,2,2,4,3,6
"2022-04-11",150,5,4,5,5,4,2,2,2,4,4,4,4,4,4,2,4,4,5,5,5,5,5,5,1,2,6,2,6,1,6,1,2,2,2,1,3,4,2
"2022-04-11",528,5,1,2,4,3,2,2,2,2,2,2,2,2,2,5,5,4,4,5,4,1,2,2,1,2,3,1,3,1,3,2,2,1,2,4,4,1,2
"2022-04-11",195,2,2,2,2,1,2,1,1,2,4,2,2,2,2,2,4,4,2,2,4,2,1,1,1,2,3,1,4,2,1,2,2,2,2,2,3,3,4
"2022-04-11",258,4,3,4,3,2,4,4,3,4,4,3,2,2,2,2,4,2,4,3,5,4,4,3,1,2,4,1,5,1,3,2,2,2,2,2,2,3,1
"2022-04-11",210,4,4,3,4,4,2,2,2,2,4,2,4,4,4,4,4,1,4,4,4,5,5,5,1,2,5,1,5,1,5,2,2,3,1,3,3,3,3
"2022-04-11",167,4,4,4,2,4,4,3,2,2,4,2,3,3,4,2,4,4,4,3,4,4,4,4,1,2,4,2,5,1,5,2,4,3,2,2,2,3,3
"2022-04-11",164,4,5,5,4,5,5,5,5,5,1,5,3,4,4,4,4,4,4,4,5,4,2,2,1,2,6,2,6,1,6,2,5,3,1,1,3,4,1
"2022-04-11",168,5,3,5,2,3,4,4,1,3,5,5,5,5,5,3,5,4,5,1,5,5,5,5,1,2,6,2,6,1,6,2,4,3,1,2,2,3,2
"2022-04-11",218,5,5,5,5,2,5,5,5,5,1,1,3,3,4,4,5,5,5,3,5,4,3,3,1,2,4,1,5,1,5,2,1,1,2,1,2,3,3
"2022-04-11",132,5,4,4,5,5,4,4,4,4,2,4,3,4,4,4,4,4,4,1,4,4,5,5,1,2,6,1,6,1,6,2,5,1,1,2,2,4,4
"2022-04-11",390,1,3,1,1,1,1,1,1,1,4,1,3,3,3,1,4,2,4,3,5,5,5,5,1,2,6,1,6,1,5,2,2,2,2,1,3,3,4
"2022-04-11",192,5,4,3,2,4,3,3,2,4,2,2,3,3,4,2,4,2,4,2,4,5,5,4,1,2,4,2,6,1,6,2,3,1,2,1,3,4,1
"2022-04-11",175,4,3,2,3,2,2,1,1,1,1,2,1,1,4,1,4,3,4,3,5,4,4,3,1,2,6,1,6,1,6,2,4,2,2,2,3,3,1
"2022-04-11",147,4,4,4,3,2,4,4,3,4,2,3,2,2,2,2,4,3,3,3,4,3,3,4,1,2,4,2,4,1,4,2,4,2,2,1,2,4,5
"2022-04-11",172,3,5,2,3,2,4,4,4,5,2,4,2,2,2,1,4,5,5,5,5,1,1,1,1,2,6,1,6,1,6,2,4,2,1,2,2,3,2
"2022-04-11",273,1,3,1,1,1,2,1,1,3,1,2,1,1,3,3,5,1,5,1,4,5,4,1,1,2,5,1,5,1,5,1,1,4,2,1,4,3,6
"2022-04-11",317,4,5,2,4,5,2,1,1,4,1,4,1,1,1,4,4,3,2,4,5,5,5,5,1,2,1,2,6,1,6,2,2,4,1,2,2,3,2
"2022-04-11",158,5,5,2,5,2,3,2,2,3,2,3,2,2,4,1,5,5,5,5,5,4,4,4,2,2,4,1,4,1,4,2,4,1,1,4,4,3,3
"2022-04-11",541,5,3,4,4,5,1,1,1,4,5,4,5,5,5,5,5,5,5,4,4,5,5,5,1,2,6,2,6,1,5,2,4,2,1,1,2,3,1
"2022-04-11",155,5,5,4,4,3,4,3,2,3,3,2,2,3,2,2,5,3,5,3,5,4,4,4,1,2,6,2,5,1,6,2,1,2,2,2,2,3,1
"2022-04-11",209,4,4,3,2,2,2,1,2,4,3,2,1,3,5,2,5,5,5,2,5,5,5,5,1,2,6,2,6,1,6,2,5,3,2,2,2,3,1
"2022-04-11",169,5,4,5,4,4,5,3,3,3,4,4,4,4,4,4,5,3,2,4,5,3,2,2,1,2,4,1,3,1,3,2,5,1,1,4,3,3,3
"2022-04-12",174,4,3,3,2,2,1,1,1,1,5,3,4,4,4,2,3,3,3,3,5,5,5,5,1,2,4,1,3,1,3,2,2,3,2,1,2,4,2
"2022-04-12",136,2,2,2,2,2,3,2,2,2,1,3,3,2,4,4,1,4,1,1,5,2,4,3,1,2,6,2,6,1,6,2,4,2,1,1,2,3,1
"2022-04-12",217,4,4,4,3,3,4,4,3,4,3,5,2,2,4,1,5,5,5,5,4,2,2,2,1,2,3,2,6,1,3,2,2,2,2,2,2,4,2
"2022-04-12",243,5,4,5,3,3,4,2,1,4,5,3,4,4,5,2,5,4,3,3,5,5,5,3,1,2,4,2,6,1,6,2,4,2,2,2,2,3,1
"2022-04-12",152,5,3,4,4,4,4,2,2,4,4,4,2,2,2,2,5,2,5,3,4,4,4,4,1,2,4,1,5,1,5,2,2,2,1,2,2,3,4
"2022-04-12",229,5,4,2,2,5,5,4,4,4,1,5,2,4,5,1,4,2,5,5,5,2,2,2,1,2,3,2,6,1,6,2,4,1,2,1,3,3,2
"2022-04-12",240,4,4,3,3,4,4,3,3,4,3,3,2,3,4,2,4,5,4,2,5,5,5,5,1,2,6,1,6,1,6,2,2,3,1,4,4,3,3
"2022-04-12",368,4,4,2,5,4,4,2,4,4,2,4,2,3,4,3,4,2,3,4,4,5,3,2,1,2,6,1,5,1,5,2,4,2,1,1,2,3,3
"2022-04-12",202,5,4,4,5,3,3,3,2,3,4,4,3,4,5,3,4,4,5,2,4,4,5,5,1,2,3,1,3,1,3,2,3,3,1,2,4,3,6
"2022-04-12",156,5,4,4,3,3,2,2,2,2,3,4,4,4,4,3,4,4,4,4,5,4,4,4,1,2,6,2,6,1,5,2,5,1,2,1,2,3,1
"2022-04-12",140,2,2,3,2,2,2,2,2,4,3,3,3,3,3,2,4,4,4,4,4,5,5,4,1,2,5,1,5,1,5,2,4,2,2,1,4,3,2
"2022-04-12",152,4,4,4,4,4,4,4,4,4,2,4,2,2,2,2,4,4,4,4,4,5,5,5,1,2,6,1,6,1,6,2,5,1,2,4,3,3,2
"2022-04-12",275,4,5,5,5,4,5,4,4,5,3,5,4,5,4,1,5,4,3,4,5,5,4,4,1,2,6,2,3,1,6,2,2,2,2,2,2,4,1
"2022-04-12",203,4,5,5,4,4,5,5,5,5,2,4,2,4,4,2,4,4,4,4,5,1,2,1,2,2,5,1,5,1,5,2,5,1,2,1,2,3,2
"2022-04-12",551,4,3,3,4,4,2,2,2,2,3,2,2,2,2,2,4,3,3,3,4,5,5,5,1,2,6,1,6,1,6,2,4,2,2,2,3,3,2
"2022-04-12",158,4,4,4,4,4,4,4,3,4,4,4,4,4,4,4,5,4,3,4,4,4,4,5,1,2,4,2,4,1,4,2,4,3,2,1,2,4,1
"2022-04-12",166,4,4,5,4,3,3,2,3,4,3,4,2,3,3,1,2,2,2,2,4,4,3,4,1,2,4,2,4,1,4,2,4,2,2,1,2,3,2
"2022-04-12",163,5,4,4,5,4,3,2,2,4,3,5,4,4,3,3,5,4,5,5,5,4,3,4,1,2,6,1,6,1,4,2,5,2,2,1,2,2,2
"2022-04-12",177,4,5,4,5,4,3,3,2,4,5,5,4,4,5,3,3,2,2,4,5,4,4,5,1,2,3,2,3,1,3,2,4,2,1,1,2,3,1
"2022-04-12",139,5,4,5,4,4,3,2,1,3,3,4,2,3,5,2,5,5,4,5,5,5,5,5,1,2,6,2,6,1,6,2,2,1,2,2,2,4,1
"2022-04-12",222,4,4,4,3,3,2,2,2,3,2,4,2,1,2,1,5,5,5,5,5,4,4,2,1,2,6,3,6,1,6,2,4,2,1,4,5,3,3
"2022-04-12",276,5,2,3,4,2,4,2,1,4,2,4,3,4,3,2,5,2,4,1,5,4,2,4,2,2,4,1,4,1,4,2,5,1,2,1,2,3,2
"2022-04-12",138,4,3,5,4,3,4,4,4,5,4,5,4,4,5,3,4,5,4,4,5,4,3,4,1,2,2,1,2,2,1,1,4,2,2,1,2,3,1
"2022-04-12",357,3,2,2,2,2,3,3,2,2,2,4,3,3,4,2,5,5,5,5,5,4,4,3,1,2,3,1,5,1,4,2,4,5,2,4,3,3,3
"2022-04-12",119,1,4,4,1,1,3,4,4,4,1,5,1,1,1,1,4,5,2,1,5,2,2,3,1,2,4,2,6,1,5,2,3,2,2,2,2,3,1
"2022-04-12",176,4,4,2,5,4,4,4,5,3,3,4,2,3,5,4,4,4,5,2,5,4,4,5,1,2,4,1,5,1,5,2,2,3,2,2,3,4,2
"2022-04-12",308,4,4,2,2,2,2,2,2,2,2,2,2,4,4,2,4,4,4,2,4,4,2,4,1,2,3,2,3,1,3,2,5,2,2,1,2,3,3
"2022-04-12",275,2,2,2,2,4,2,2,4,2,2,4,2,2,4,2,4,4,4,4,5,1,2,1,1,2,4,1,3,1,4,2,4,1,2,4,4,3,3
"2022-04-12",146,5,4,4,4,4,4,4,3,4,3,4,4,4,4,3,5,5,5,5,5,4,4,4,1,2,4,1,3,1,3,2,4,1,1,1,2,3,2
"2022-04-12",201,5,5,5,5,2,4,4,3,2,2,4,2,5,5,2,2,2,4,5,5,4,3,4,1,2,6,2,6,1,6,2,1,2,2,1,2,4,1
"2022-04-12",180,4,3,2,4,4,2,2,2,4,3,4,4,4,4,2,4,4,4,4,4,4,3,4,1,1,3,2,3,1,3,2,2,2,2,1,2,3,1
"2022-04-12",157,4,4,4,5,4,5,4,5,4,4,4,5,3,4,5,5,4,5,4,5,4,5,4,1,2,5,1,5,1,4,2,4,3,1,3,4,3,3
"2022-04-12",333,5,5,4,4,5,4,5,5,4,4,4,5,4,5,4,4,5,4,5,4,4,5,4,1,2,5,3,5,1,5,2,4,4,2,2,3,3,2
"2022-04-12",250,4,5,5,4,4,5,4,5,4,5,4,5,4,5,5,5,4,5,4,4,4,5,4,1,2,5,1,4,1,4,2,4,3,1,4,4,3,3
"2022-04-12",297,4,5,4,5,4,5,5,4,5,5,5,4,5,5,4,5,5,4,5,4,4,5,4,1,2,5,3,4,1,4,2,2,3,1,4,4,3,3
"2022-04-12",190,4,5,4,4,5,4,4,5,5,5,4,5,5,4,5,4,4,5,4,5,4,5,5,1,2,5,1,4,1,4,2,5,4,2,4,4,2,2
"2022-04-12",273,4,5,4,5,5,4,5,4,5,5,4,5,5,4,3,4,4,5,4,5,4,5,4,1,2,4,3,4,1,4,2,4,4,2,3,3,3,2
"2022-04-12",260,4,5,4,5,5,4,4,5,5,4,5,4,5,5,4,3,4,5,5,4,5,4,4,1,2,5,3,4,1,4,2,4,3,2,2,3,3,2
"2022-04-12",254,4,4,5,4,5,4,5,4,4,4,4,5,4,4,3,4,4,5,4,4,5,5,4,1,2,4,1,4,1,4,1,4,4,1,3,3,3,2
"2022-04-12",246,4,4,5,4,5,4,4,5,5,4,5,5,4,5,5,4,4,4,4,5,5,4,5,1,2,5,3,4,1,4,1,4,3,1,4,4,3,3
"2022-04-13",233,4,5,5,5,4,5,4,5,4,5,4,5,5,4,4,5,5,4,5,5,4,4,4,1,2,5,1,5,1,5,2,5,4,1,4,4,3,3
"2022-04-13",223,4,5,4,4,5,5,4,4,5,5,4,4,5,4,5,5,4,4,5,5,4,5,5,1,2,5,3,5,1,4,1,4,3,2,3,4,3,2
"2022-04-13",172,4,5,4,5,5,4,5,5,5,4,5,5,5,4,4,5,4,5,5,4,4,5,5,1,2,5,3,4,1,5,2,4,3,2,3,3,3,2
"2022-04-13",205,4,5,5,5,4,5,5,5,4,4,5,4,4,5,5,5,4,4,5,5,4,5,4,1,2,5,3,4,1,5,2,4,4,2,3,4,3,2
"2022-04-13",308,4,2,2,2,2,4,2,2,2,3,4,4,4,4,4,4,4,4,2,4,4,4,4,1,2,4,2,6,1,6,2,2,2,2,2,2,3,1
"2022-04-13",164,5,4,4,2,4,4,4,4,4,2,4,3,4,4,3,4,3,2,4,4,4,4,5,1,2,5,4,5,1,5,2,4,3,1,1,2,3,1
"2022-04-13",139,4,4,4,2,2,4,2,2,4,2,4,5,2,5,1,4,4,4,5,5,4,4,4,1,2,5,1,5,1,5,2,2,3,2,2,3,4,4
"2022-04-13",203,5,3,4,5,4,1,1,1,3,3,4,2,3,5,2,5,2,4,5,5,4,3,4,1,2,3,2,4,1,4,2,2,2,2,1,2,3,1
"2022-04-13",209,4,4,4,4,4,2,2,2,4,2,4,3,4,4,3,3,3,2,4,4,4,4,4,1,2,6,3,1,1,6,2,4,2,1,4,4,3,6
"2022-04-13",183,4,4,4,4,2,3,3,3,4,2,4,2,2,2,2,4,2,4,5,5,3,2,2,1,2,4,1,4,1,4,2,5,1,2,1,2,3,2
"2022-04-13",153,5,3,4,4,4,2,4,3,5,2,4,2,2,2,1,4,5,5,5,5,2,2,2,1,2,4,1,4,2,4,2,4,2,2,4,4,3,4
"2022-04-13",349,5,4,4,4,4,3,2,2,4,4,4,4,4,4,4,5,4,5,5,5,4,4,4,1,2,4,1,4,1,4,2,4,3,1,4,4,3,4
"2022-04-13",239,5,4,5,4,4,4,3,3,3,3,3,4,4,4,3,4,3,3,4,3,4,4,5,1,2,6,1,6,2,6,2,3,1,1,2,5,3,3
"2022-04-13",147,5,4,4,4,5,3,2,4,4,5,4,4,5,5,3,5,5,5,5,5,2,4,3,1,2,6,1,6,1,6,2,2,3,2,4,3,3,5
"2022-04-13",316,4,5,4,3,4,2,2,2,4,3,3,2,3,4,2,3,2,3,2,4,5,5,5,1,2,5,1,5,1,5,2,4,1,2,1,3,3,3
"2022-04-13",417,3,5,4,3,5,4,3,3,4,2,4,2,2,4,2,4,2,5,4,5,4,4,4,1,2,4,2,5,1,5,2,4,2,2,1,2,3,1
"2022-04-13",143,5,4,5,5,5,4,4,3,5,2,5,4,4,4,2,4,2,4,2,5,4,4,5,1,2,4,2,4,1,4,2,4,2,2,1,2,4,1
"2022-04-13",257,4,4,5,4,2,4,3,2,4,2,4,2,1,2,1,5,4,5,4,5,2,2,3,1,2,6,1,6,1,4,2,2,3,1,2,4,3,4
"2022-04-13",276,4,2,2,4,4,2,2,2,4,2,4,2,2,4,3,2,4,2,2,4,4,4,4,1,2,5,1,4,1,3,2,4,4,1,4,4,4,4
"2022-04-13",179,5,4,4,5,4,3,2,2,4,3,5,3,4,4,2,5,4,5,5,5,5,4,5,1,2,6,2,6,1,6,2,4,2,2,1,2,3,1
"2022-04-13",378,4,4,4,4,4,2,2,2,4,2,3,1,1,3,1,5,5,5,5,5,4,4,2,1,2,6,1,6,1,6,2,1,2,2,3,4,3,3
"2022-04-13",407,4,2,3,2,2,2,2,3,3,2,2,1,1,1,1,4,3,4,4,4,1,1,1,1,2,4,1,4,1,4,2,4,1,2,4,4,3,2
"2022-04-13",165,5,4,4,4,4,4,5,4,4,3,5,4,5,5,4,5,5,5,5,5,5,4,3,1,2,4,1,4,1,4,2,4,2,2,1,2,3,2
"2022-04-13",276,5,4,4,5,4,5,2,4,4,1,5,2,1,4,2,5,5,5,4,5,4,4,5,1,2,4,1,5,1,5,1,4,2,2,1,2,3,3
"2022-04-13",243,4,4,3,2,2,2,4,2,2,4,2,4,4,4,2,5,4,5,5,5,5,5,5,1,2,6,1,6,1,6,1,5,3,2,2,2,3,3
"2022-04-13",346,3,3,3,4,3,4,3,3,4,3,4,3,3,3,3,4,3,4,4,4,2,2,2,1,2,4,1,4,1,4,2,5,2,2,4,5,3,4
"2022-04-13",357,5,5,5,5,5,5,5,4,5,5,5,5,4,5,3,5,5,5,5,5,5,5,5,1,2,5,1,5,1,5,2,5,3,1,4,4,3,3
"2022-04-13",143,3,2,4,2,2,4,3,2,2,2,2,2,2,4,2,4,4,3,1,5,2,1,2,1,2,5,2,5,1,3,2,2,1,2,1,2,3,2
"2022-04-13",359,4,5,5,4,5,2,2,1,4,2,4,4,4,5,4,5,4,5,4,5,4,4,5,1,2,5,1,5,1,5,2,5,3,1,4,4,4,6
"2022-04-13",121,5,5,5,4,4,2,3,3,4,4,4,5,5,5,3,5,5,5,4,5,4,4,3,1,2,5,1,5,1,5,2,2,2,1,1,2,3,4
"2022-04-13",169,5,5,5,5,5,4,5,5,5,2,5,4,3,5,2,2,4,3,4,5,5,5,5,1,2,5,2,6,1,6,2,4,3,2,2,2,3,2
"2022-04-13",147,4,4,3,2,2,4,4,3,5,4,4,3,5,5,2,4,4,5,5,5,3,4,4,1,2,4,2,6,1,5,2,4,1,2,1,2,3,1
"2022-04-13",280,4,4,5,2,2,3,3,2,4,4,5,5,5,5,5,4,5,5,4,5,5,5,5,1,2,5,1,4,1,4,2,4,5,1,4,5,3,3
"2022-04-13",213,2,2,2,2,1,1,1,1,2,3,2,2,2,3,1,5,3,5,4,5,1,1,1,1,2,3,2,5,1,3,2,1,1,2,1,2,3,1
"2022-04-13",252,4,5,5,4,4,4,2,2,5,2,4,2,3,3,1,4,4,5,4,5,4,4,5,1,2,6,1,6,1,6,2,5,4,1,4,4,4,6
"2022-04-13",352,4,2,4,4,4,2,1,1,2,4,2,4,3,4,2,4,4,4,2,4,4,4,4,1,2,4,1,4,1,4,2,4,3,2,1,3,3,4
"2022-04-13",327,4,4,4,4,5,2,2,2,4,4,4,4,4,5,2,4,4,4,2,4,4,2,4,1,2,4,1,4,1,4,2,2,3,1,4,4,3,5
"2022-04-14",121,4,3,4,3,3,3,2,2,2,3,4,2,3,4,2,4,2,4,3,4,5,5,5,1,2,6,2,6,1,6,2,2,2,1,1,2,3,1
"2022-04-14",265,4,4,4,4,4,4,4,4,4,1,5,1,1,2,1,1,2,4,1,5,4,3,2,1,2,4,2,6,1,6,2,2,2,2,1,2,3,1
"2022-04-14",191,4,2,2,2,2,1,3,1,2,4,2,2,2,4,1,2,4,2,2,5,4,4,4,1,2,5,1,6,1,6,2,4,2,2,2,2,3,2
"2022-04-14",164,5,4,4,4,3,3,3,2,4,3,5,3,4,4,3,3,4,3,4,4,4,4,4,1,2,5,1,4,1,4,2,4,2,1,1,3,4,2
"2022-04-14",187,2,2,2,2,3,2,1,1,2,2,3,2,2,3,1,3,3,3,4,4,1,1,1,1,2,4,2,4,1,4,2,3,1,1,2,2,3,1
"2022-04-14",147,5,5,2,4,4,2,1,4,5,3,3,2,2,2,1,5,5,5,5,4,5,5,5,1,2,6,2,6,1,6,2,2,2,2,1,3,4,1
"2022-04-14",169,2,2,2,4,4,2,4,2,4,2,4,3,3,4,2,4,3,5,5,5,2,2,4,1,2,6,2,4,1,5,2,4,2,2,1,1,1,1
"2022-04-14",182,5,4,4,4,3,4,2,3,4,2,4,1,1,3,1,4,4,4,3,5,4,3,3,1,2,6,1,6,1,6,2,5,2,1,4,4,3,3
"2022-04-14",204,2,2,2,2,2,2,2,2,2,4,2,4,4,4,4,4,3,4,3,3,4,4,4,1,2,6,2,6,1,6,2,5,3,2,2,2,3,1
"2022-04-14",254,5,4,3,2,2,2,2,2,2,4,3,3,2,4,2,4,2,4,2,5,4,4,3,1,2,6,2,6,1,6,1,2,4,2,1,2,3,1
"2022-04-14",283,5,2,4,4,3,2,4,1,4,4,4,3,2,4,1,5,4,5,4,5,5,4,5,1,2,4,2,3,1,6,2,2,1,2,1,2,3,1
"2022-04-14",138,3,5,2,4,4,3,2,2,4,3,4,2,2,4,1,4,2,4,1,5,5,5,3,1,2,6,1,6,1,4,2,2,2,2,1,2,3,6
"2022-04-14",149,4,2,4,4,3,2,2,2,2,2,2,2,2,3,1,3,2,3,3,4,2,2,2,1,2,4,2,6,1,6,2,4,1,2,1,2,3,1
"2022-04-14",214,2,2,2,2,4,2,2,2,2,2,4,2,2,2,1,5,5,5,5,2,5,5,2,1,2,5,2,5,1,1,2,4,1,2,1,2,2,1
"2022-04-14",176,4,4,4,5,5,4,2,2,4,5,4,3,3,5,2,5,5,5,5,5,3,3,2,1,2,6,2,5,1,3,2,2,1,2,2,2,3,2
"2022-04-14",163,2,3,2,4,4,2,4,2,2,2,4,2,2,4,1,1,1,4,4,5,5,5,5,1,2,6,1,6,1,6,2,4,4,2,4,4,4,5
"2022-04-15",291,4,4,2,2,2,2,2,2,4,2,3,2,1,4,1,2,2,2,2,5,4,4,4,1,2,4,1,5,1,4,2,2,2,2,2,2,4,3
"2022-04-15",155,2,5,4,4,4,4,4,5,5,2,5,3,2,2,2,4,2,3,2,4,4,4,4,1,2,6,2,6,1,6,2,1,2,2,1,2,3,1
"2022-04-15",212,1,4,4,1,4,4,4,3,4,4,5,5,4,4,5,4,4,4,4,5,5,4,4,1,2,6,1,2,1,3,2,5,2,1,1,4,3,1
"2022-04-15",157,4,2,2,2,2,3,2,2,3,4,5,3,3,4,2,4,2,3,3,5,5,5,5,1,2,6,2,6,1,6,2,3,2,2,1,2,3,2
"2022-04-15",146,3,2,4,3,3,2,2,2,3,4,3,3,2,4,1,5,4,5,3,5,4,3,4,1,2,6,1,6,1,6,2,2,2,2,1,2,3,3
"2022-04-15",203,5,4,5,5,4,2,2,3,4,3,4,3,4,4,3,5,5,5,5,5,3,3,4,1,2,6,1,6,1,6,2,2,2,1,1,3,3,3
"2022-04-15",389,1,1,4,4,3,1,1,1,1,1,4,1,1,4,1,5,3,3,1,5,5,5,5,1,2,4,1,4,1,5,2,4,2,1,2,2,3,3
"2022-04-15",156,5,4,4,4,4,3,4,4,4,2,4,3,2,2,1,5,4,5,4,5,2,2,1,1,2,5,1,4,1,4,2,4,3,1,4,4,3,5
"2022-04-15",227,3,2,2,2,3,4,1,2,4,2,5,1,1,1,1,4,4,4,5,5,5,5,5,1,2,4,1,5,1,4,2,2,1,2,2,2,3,2
"2022-04-15",153,3,4,4,5,4,4,4,3,4,3,4,3,3,5,3,2,4,5,4,5,5,5,5,1,2,6,1,5,1,5,2,2,2,2,2,3,4,4
"2022-04-15",165,5,5,5,5,5,5,5,5,5,2,4,4,3,4,2,4,4,5,4,5,5,5,5,1,2,4,1,5,1,5,2,5,3,2,1,3,3,4
"2022-04-15",244,5,5,4,5,4,3,4,4,5,4,5,5,4,5,1,4,2,4,4,5,5,5,5,1,1,5,2,6,1,6,2,5,2,2,2,2,3,1
"2022-04-15",228,4,4,4,3,4,2,2,2,4,2,2,2,2,2,2,4,2,2,4,4,4,4,4,1,2,6,1,6,1,6,2,1,2,2,1,2,3,4
"2022-04-15",190,4,4,3,3,5,2,1,1,2,1,2,3,3,4,2,5,5,5,5,5,3,3,4,1,2,6,2,6,1,6,2,4,2,1,1,2,3,1
"2022-04-15",190,5,5,5,5,4,5,5,5,5,2,5,5,5,5,1,4,4,4,4,5,5,5,5,1,2,5,2,5,1,4,2,3,2,2,1,2,3,2
"2022-04-15",189,5,4,4,2,4,3,3,1,4,3,4,3,4,4,4,4,4,5,4,5,4,4,5,1,2,6,2,6,1,6,2,4,1,1,2,2,4,1
"2022-04-15",209,5,2,4,4,4,2,3,3,4,2,4,2,1,1,1,5,3,5,5,5,5,5,5,1,2,6,1,6,1,6,2,4,2,2,1,3,3,3
"2022-04-15",147,4,2,2,4,2,3,2,2,2,4,4,2,5,5,5,2,4,4,5,5,5,5,5,1,2,4,2,3,1,3,2,2,1,1,2,2,4,1
"2022-04-15",230,5,4,5,5,4,2,1,1,4,5,4,5,4,4,5,5,4,4,5,4,4,5,4,1,2,5,1,5,1,5,2,4,2,1,4,4,3,4
"2022-04-15",212,5,4,5,5,4,2,1,1,4,5,4,4,4,4,5,5,4,4,5,4,4,5,4,1,2,5,1,5,1,5,2,4,2,1,4,4,3,4
"2022-04-15",506,4,3,4,3,2,3,3,4,4,4,3,3,3,4,4,4,4,4,5,4,5,5,3,1,2,5,1,6,1,5,1,3,2,2,1,2,3,2
"2022-04-15",138,5,4,4,4,3,3,4,2,4,3,4,4,2,4,2,2,2,4,2,4,5,4,4,1,2,5,2,6,1,6,2,2,2,2,1,2,2,1
"2022-04-15",206,5,4,4,2,2,4,2,2,4,2,4,4,4,4,1,4,2,4,4,5,4,4,4,1,2,4,2,4,1,4,2,2,2,2,1,2,3,1
"2022-04-15",216,4,4,4,5,2,1,2,2,4,2,4,2,4,4,2,4,5,4,4,5,4,3,4,1,2,5,4,6,1,6,2,1,1,2,1,2,4,1
"2022-04-15",216,5,4,4,4,4,2,2,2,4,2,4,2,2,2,2,4,2,4,4,5,4,4,4,1,2,4,1,4,1,4,2,4,2,1,3,3,3,5
"2022-04-15",136,5,2,4,5,5,4,2,2,2,4,4,4,4,2,2,2,2,2,2,5,4,4,4,1,2,6,3,6,1,6,2,5,4,1,1,2,3,2
"2022-04-15",246,5,2,3,3,4,4,2,3,2,2,4,2,2,4,2,4,3,4,4,4,5,5,5,1,2,4,1,4,1,4,2,5,2,1,1,2,1,2
"2022-04-15",319,4,2,4,4,4,2,2,2,2,2,4,2,2,4,2,4,5,5,4,5,4,4,4,1,2,5,1,5,1,5,2,1,3,2,2,3,4,5
"2022-04-16",138,4,3,3,4,2,3,4,2,4,2,3,2,3,5,2,2,2,4,2,4,5,5,4,1,2,3,2,6,1,6,2,2,4,1,1,2,3,3
"2022-04-16",193,5,5,5,2,1,4,5,5,4,4,5,2,2,4,3,4,2,2,4,5,4,4,2,1,2,6,2,6,1,6,2,5,2,2,1,2,3,1
"2022-04-16",246,4,2,4,4,2,2,2,1,2,2,4,3,3,4,1,4,4,4,4,5,5,5,5,1,2,5,2,6,1,6,1,3,2,2,1,2,3,1
"2022-04-16",150,5,4,4,4,4,3,3,3,4,4,4,4,3,4,3,5,5,5,5,5,5,5,5,1,2,5,2,5,1,4,2,4,3,2,1,2,3,3
"2022-04-16",212,5,2,4,4,4,3,2,2,5,3,4,4,4,5,3,4,4,4,4,5,5,5,5,1,2,5,1,4,1,4,1,4,5,2,1,3,3,3
"2022-04-16",211,5,4,4,2,2,2,2,1,4,2,4,2,2,5,2,2,2,4,2,4,5,5,5,1,2,5,2,6,1,6,2,2,2,2,1,2,3,1
"2022-04-16",399,5,4,4,4,3,2,5,2,4,4,5,1,2,4,1,5,4,5,2,5,5,5,5,1,2,4,2,6,1,4,1,4,2,2,1,2,3,2
"2022-04-16",314,4,4,4,3,4,2,4,2,4,3,2,4,4,4,4,5,3,4,4,5,5,4,5,1,2,6,1,6,1,6,2,4,4,2,1,2,4,3
"2022-04-16",128,5,4,5,4,5,3,4,4,5,2,5,3,4,5,4,4,3,5,5,5,5,5,5,1,2,4,1,4,1,4,2,4,1,2,1,2,3,3
"2022-04-16",159,5,4,3,3,2,4,4,3,3,2,4,2,3,2,2,4,4,4,2,5,4,4,3,1,2,4,1,6,1,4,2,2,3,2,1,3,3,4
"2022-04-16",182,5,5,5,4,5,4,5,5,5,5,4,5,5,4,5,2,1,1,2,1,4,5,4,1,2,3,1,3,1,3,2,2,3,1,4,3,3,3
"2022-04-16",420,5,3,3,5,4,2,2,2,3,2,3,3,3,3,2,4,5,4,5,5,2,2,2,1,2,5,1,5,1,4,2,5,2,2,2,2,3,3
"2022-04-17",156,2,2,1,2,1,3,3,2,2,3,2,1,4,4,4,5,4,4,3,5,4,4,4,1,2,4,1,4,1,4,2,2,3,2,2,2,4,4
"2022-04-17",240,2,2,2,2,2,2,1,1,1,2,2,3,1,1,1,5,5,5,5,5,5,5,5,1,2,5,2,6,1,6,2,3,1,2,1,2,3,1
"2022-04-17",137,4,5,4,4,4,4,3,3,4,2,3,3,3,4,3,4,4,4,4,5,5,5,4,1,2,6,2,6,1,6,2,1,1,2,1,2,4,1
"2022-04-17",158,5,2,2,4,2,2,2,2,2,4,4,4,4,4,2,4,2,3,2,4,5,5,5,1,2,2,2,6,1,6,2,2,1,2,1,2,4,1
"2022-04-17",171,4,4,4,4,3,3,3,2,4,3,4,4,4,4,2,4,3,3,4,4,4,3,4,1,2,4,2,4,1,4,2,3,2,2,1,2,3,1
"2022-04-17",233,4,2,2,2,4,2,1,1,2,4,4,2,2,3,4,4,4,4,5,5,2,3,2,1,2,6,1,3,1,4,2,4,2,2,5,4,2,3
"2022-04-17",297,5,5,5,5,4,4,3,3,4,2,4,2,2,2,2,3,2,4,2,2,2,2,1,1,2,6,1,6,1,6,2,5,1,2,4,4,1,2
"2022-04-17",222,4,4,4,4,4,3,4,2,4,2,5,5,5,5,3,4,2,2,4,5,5,5,5,1,2,5,1,6,1,6,2,2,4,2,2,2,4,2
"2022-04-17",457,4,5,4,4,4,3,2,3,4,5,4,4,5,4,2,4,5,5,4,5,4,5,4,1,2,5,1,5,1,5,2,5,2,1,2,2,3,3
"2022-04-17",419,4,3,4,5,4,3,2,2,4,5,5,4,4,5,2,4,5,4,4,5,4,5,4,1,2,5,1,5,1,5,2,5,2,2,2,2,3,3
"2022-04-18",216,4,4,4,2,2,4,4,3,4,3,4,3,3,4,3,4,3,4,2,5,4,4,2,1,2,5,1,5,1,5,2,1,3,2,2,2,4,4
"2022-04-18",220,3,2,2,3,3,3,1,4,3,3,3,3,4,4,1,4,4,4,4,5,3,2,1,1,2,5,2,5,1,5,2,1,2,2,1,2,3,3
"2022-04-18",166,4,4,4,3,4,3,2,1,3,3,4,3,3,4,2,4,2,3,4,4,4,4,4,1,2,5,2,6,1,6,1,4,2,2,1,3,4,1
"2022-04-18",159,4,3,3,2,3,4,4,3,2,4,3,4,4,4,2,4,3,4,4,5,4,4,3,1,2,3,1,3,1,3,1,2,2,2,2,2,4,2
"2022-04-18",157,4,2,2,3,2,4,2,4,5,4,4,2,4,5,2,4,4,4,2,5,5,5,5,1,2,5,2,6,1,5,2,4,3,2,2,2,4,2
"2022-04-18",143,4,2,2,2,2,2,2,1,2,4,4,4,4,4,1,1,4,4,4,5,4,4,4,1,2,4,1,4,1,5,2,4,2,2,1,2,3,2
"2022-04-18",139,5,4,5,4,4,4,5,5,5,3,4,5,5,4,3,5,4,3,2,5,5,5,5,2,2,4,1,6,1,5,2,5,2,2,2,2,3,2
"2022-04-18",216,5,4,4,4,4,5,5,4,4,3,4,3,4,4,4,4,3,5,5,5,4,3,4,1,2,4,2,4,1,4,2,3,1,2,1,2,3,1
"2022-04-18",153,2,1,4,4,1,2,2,2,3,5,2,2,2,4,1,3,4,4,3,3,4,4,3,1,2,5,2,5,1,5,2,3,1,2,6,1,1,2
"2022-04-18",191,4,2,2,2,4,1,2,2,3,2,4,3,2,4,2,2,4,2,5,5,4,4,5,1,2,6,2,6,1,6,2,5,2,2,1,2,3,1
"2022-04-18",200,5,4,4,4,4,3,4,3,3,3,3,2,3,4,3,4,2,4,4,4,2,2,2,1,2,6,2,6,1,5,2,4,1,2,1,2,3,1
"2022-04-18",238,5,2,4,5,5,2,4,4,2,2,5,3,4,5,3,5,4,5,2,5,5,5,4,1,2,6,2,6,1,6,2,4,2,2,1,2,3,1
"2022-04-18",305,4,4,5,4,4,3,2,3,4,4,3,4,4,5,2,5,4,4,5,5,4,5,5,1,2,6,1,6,1,6,2,2,3,1,4,3,3,4
"2022-04-18",146,5,4,4,4,4,3,2,2,4,4,4,2,2,4,2,5,4,4,4,4,4,4,4,1,2,5,1,5,1,4,2,2,2,1,2,4,4,6
"2022-04-18",167,4,5,4,5,5,5,5,4,5,3,5,5,5,5,5,2,2,2,4,5,5,5,5,2,2,6,2,6,1,6,2,5,2,2,2,2,3,1
"2022-04-18",231,4,2,4,4,2,1,2,2,2,2,4,2,2,3,1,4,2,4,3,4,5,5,4,1,2,5,2,5,1,5,2,4,3,2,1,2,3,2
"2022-04-18",136,4,1,3,1,1,1,1,1,1,2,4,4,5,5,1,5,5,5,4,5,2,1,1,1,2,4,2,6,1,4,2,2,3,2,1,2,3,1
"2022-04-18",237,4,2,2,2,2,1,1,1,4,1,4,4,4,4,3,5,5,5,5,5,4,4,4,1,2,6,2,6,1,6,2,1,2,2,1,2,3,1
"2022-04-18",153,5,4,5,4,4,3,2,2,5,2,2,3,4,4,2,1,1,1,4,5,5,5,5,1,2,4,2,6,1,4,2,5,1,2,1,2,3,1
"2022-04-18",155,4,4,4,2,3,2,3,2,4,3,3,2,2,2,1,2,3,2,2,5,5,5,5,1,2,5,1,5,1,5,1,1,1,2,1,2,3,2
"2022-04-18",146,4,4,4,4,3,3,3,2,4,3,4,3,4,5,2,4,4,4,2,5,4,4,5,1,2,5,2,6,1,6,2,4,2,2,2,2,3,2
"2022-04-18",453,5,4,5,5,4,2,1,1,3,2,2,2,2,4,2,1,1,4,5,5,5,5,5,1,2,5,1,5,1,5,2,2,2,2,1,2,3,1
"2022-04-18",194,5,4,5,3,4,4,3,3,4,2,4,3,3,4,1,4,3,4,5,5,4,4,4,1,2,6,2,6,1,6,2,5,2,2,1,2,3,1
"2022-04-18",261,4,2,4,4,4,2,2,2,2,2,2,2,2,3,1,4,3,4,3,5,4,4,4,1,2,4,1,5,1,4,2,2,1,2,1,4,3,4
"2022-04-18",169,3,2,2,2,3,2,1,2,1,3,4,4,3,4,2,2,2,3,3,4,4,4,4,1,2,4,2,3,1,3,2,3,1,2,1,1,1,1
"2022-04-18",160,4,3,4,4,4,2,2,2,2,3,3,2,2,3,1,4,4,5,3,5,4,4,4,1,2,4,1,5,1,4,2,2,1,2,1,4,3,4
"2022-04-18",425,5,4,4,4,4,3,4,3,4,1,5,2,2,5,1,5,5,3,4,5,5,5,5,1,2,6,3,3,1,5,1,5,5,2,1,2,3,1
"2022-04-18",142,4,2,4,4,4,2,2,2,2,2,4,2,2,4,4,4,4,4,4,4,2,2,2,1,2,5,2,5,1,5,2,4,2,2,1,2,2,1
"2022-04-19",180,5,2,5,4,4,4,4,3,3,4,4,2,2,4,2,5,4,5,1,5,2,2,4,1,2,6,2,6,1,6,2,1,4,1,2,2,3,3
"2022-04-19",206,4,4,5,5,4,5,4,5,4,5,4,5,5,5,4,2,1,2,1,1,4,4,5,1,2,3,1,3,1,3,2,2,3,1,4,3,3,4
"2022-04-19",135,1,1,1,1,1,1,1,1,1,1,1,1,5,3,3,3,3,3,3,3,3,4,3,1,2,6,2,6,1,6,2,3,1,2,6,1,1,2
"2022-04-19",141,5,4,5,4,4,4,3,3,4,2,4,4,4,4,4,5,5,5,3,5,5,5,5,1,2,5,1,5,1,5,2,2,2,2,2,2,4,2
"2022-04-19",180,2,2,1,3,1,3,2,2,4,2,3,4,3,4,1,4,2,3,2,5,5,5,5,1,2,6,1,6,1,6,2,2,2,2,1,3,3,3
"2022-04-19",201,4,3,4,4,4,3,4,3,4,3,4,3,3,3,3,4,3,2,3,4,3,4,4,1,2,3,2,4,2,3,2,4,2,2,1,2,3,3
"2022-04-19",142,5,3,4,5,4,2,2,1,3,2,3,2,3,4,2,4,5,4,5,5,2,2,2,1,2,6,3,5,1,5,1,1,2,2,4,3,3,2
"2022-04-19",135,4,4,4,4,2,2,2,1,3,2,2,3,2,4,4,4,3,4,4,4,5,5,5,1,2,6,2,5,1,6,2,4,2,2,2,2,4,1
"2022-04-19",155,4,2,2,2,2,4,2,2,3,2,4,3,3,4,2,4,2,4,2,4,4,2,3,1,2,6,2,6,1,6,2,2,2,1,2,2,3,1
"2022-04-19",131,5,3,4,4,5,3,2,2,5,2,5,5,5,4,5,5,4,5,4,5,3,2,1,1,2,6,2,6,1,6,2,1,3,1,1,2,3,1
"2022-04-19",162,4,1,1,2,2,1,1,1,1,1,1,3,3,4,2,4,4,4,4,5,2,1,1,1,2,6,2,6,1,6,2,2,1,1,1,2,3,1
"2022-04-19",500,5,2,3,4,3,2,2,2,2,2,2,3,3,3,2,4,4,4,4,5,2,2,2,1,2,5,1,5,1,5,1,4,1,1,2,3,3,2
"2022-04-19",133,4,3,4,4,5,3,2,1,3,2,4,3,3,3,1,2,4,5,4,5,2,2,1,1,2,6,2,6,1,6,2,4,2,2,1,2,3,1
"2022-04-19",204,3,4,4,5,4,4,3,3,4,4,5,3,3,4,4,5,4,5,5,5,3,3,3,1,2,6,1,6,1,6,2,3,1,1,1,2,3,3
"2022-04-19",160,2,3,2,2,2,1,1,1,1,4,3,2,3,2,1,4,1,3,5,5,4,3,2,1,2,6,2,6,1,6,2,4,2,2,2,2,3,2
"2022-04-19",123,5,5,5,4,4,3,3,3,4,4,5,4,4,4,3,4,4,5,2,5,3,3,4,1,2,6,1,4,1,4,2,4,2,2,2,2,3,3
"2022-04-19",204,5,5,4,4,3,2,2,2,4,2,4,4,4,4,3,3,3,2,2,4,5,5,5,1,2,6,2,6,1,6,2,5,2,2,1,2,3,1
"2022-04-19",135,4,4,4,2,2,3,5,2,4,3,4,5,5,5,2,4,4,3,2,5,5,5,5,1,2,6,2,5,2,1,2,2,2,1,1,2,3,1
"2022-04-19",142,5,5,5,5,5,4,2,2,5,2,5,4,4,4,2,3,2,2,4,5,5,5,5,1,2,6,2,6,1,6,2,2,2,2,1,2,3,1
"2022-04-19",146,5,4,4,4,4,2,4,3,5,4,4,3,3,4,2,4,3,4,4,5,4,3,5,1,2,6,2,6,1,6,2,2,2,2,1,2,3,1
"2022-04-19",584,4,5,5,1,4,2,1,3,4,2,5,2,3,4,1,5,4,3,4,5,5,3,3,1,2,3,1,3,1,3,2,4,2,1,3,3,3,4
"2022-04-19",140,4,2,2,3,4,1,1,1,3,1,4,5,5,4,1,4,4,3,5,5,3,3,4,1,2,4,1,4,1,4,1,2,1,1,1,2,3,2
"2022-04-19",163,2,3,2,2,3,4,4,4,4,2,2,2,2,2,2,4,2,4,4,5,3,3,2,2,2,5,1,4,1,4,2,2,1,2,2,3,4,4
"2022-04-19",200,4,4,3,4,4,5,1,1,1,4,2,2,4,4,5,4,4,5,4,4,1,1,1,1,2,5,4,5,1,5,2,5,1,2,4,3,2,3
"2022-04-19",161,4,4,4,4,4,3,4,4,4,2,4,4,4,4,2,4,4,4,5,4,4,4,4,1,2,6,2,6,1,6,2,4,3,1,1,2,4,1
"2022-04-19",197,4,3,2,4,4,4,2,1,4,2,4,2,2,4,2,5,2,4,4,5,5,4,5,1,2,5,1,6,1,6,2,5,1,2,1,2,4,1
"2022-04-19",326,4,2,4,2,2,3,2,2,2,4,5,4,4,5,2,5,4,4,5,5,5,5,5,1,2,5,1,5,1,5,2,4,3,2,2,2,3,2
"2022-04-20",296,4,3,4,4,4,4,3,3,4,2,4,4,3,4,3,3,4,4,2,4,2,2,2,1,2,5,1,4,1,4,2,2,1,2,1,2,3,3
"2022-04-20",187,3,3,4,2,2,4,3,2,4,3,4,4,4,4,2,4,2,2,2,4,4,2,2,1,2,6,1,6,1,6,2,4,3,1,1,3,3,4
"2022-04-20",311,4,2,2,4,4,4,3,4,4,4,4,4,4,4,4,4,4,4,4,5,5,5,5,1,2,6,2,6,1,6,2,1,2,1,1,2,3,1
"2022-04-20",621,5,3,4,2,4,5,1,2,5,3,5,2,1,3,1,4,5,4,2,4,5,5,4,1,2,5,1,4,1,4,2,5,4,1,4,5,2,6
"2022-04-20",502,5,2,5,4,5,4,2,3,4,4,5,3,4,5,1,4,5,3,1,4,5,4,3,1,1,4,1,4,1,4,1,2,3,1,4,5,2,4
"2022-04-20",150,4,3,4,4,3,2,2,2,2,2,3,4,4,5,4,4,4,5,2,5,5,5,5,1,2,5,2,4,1,5,2,2,2,2,1,2,3,2
"2022-04-20",382,4,2,2,2,2,4,2,4,4,4,4,4,4,4,2,5,4,4,4,5,5,5,5,1,2,6,2,6,1,6,2,2,3,2,1,2,4,4
"2022-04-20",137,2,4,2,2,2,2,4,3,4,2,4,2,2,2,1,5,4,5,3,5,1,1,2,1,2,3,2,6,1,6,2,1,1,2,1,2,3,1
"2022-04-20",181,3,2,3,2,1,3,2,2,4,4,4,4,4,4,3,4,3,2,4,5,4,4,5,1,2,5,2,5,2,4,2,3,3,2,1,2,3,2
"2022-04-20",164,5,5,5,5,5,5,5,5,5,2,5,5,5,5,2,4,4,5,5,5,5,5,5,1,2,6,2,6,1,6,1,5,3,2,1,2,4,3
"2022-04-20",143,5,4,4,4,4,4,3,4,4,3,4,3,3,4,4,4,2,4,4,5,4,4,5,1,2,5,4,6,1,6,2,4,2,2,1,2,4,2
"2022-04-20",217,5,2,4,2,2,4,4,2,5,2,4,1,2,4,1,2,2,4,2,5,4,4,5,1,2,3,2,4,1,3,2,4,2,2,1,2,3,2
"2022-04-20",189,5,5,5,5,5,4,3,3,4,2,4,2,2,4,2,4,2,4,4,4,5,5,5,1,2,6,1,6,1,6,2,5,2,2,1,3,3,2
"2022-04-20",124,5,5,5,5,5,5,4,3,4,3,3,2,2,2,1,5,1,4,4,5,5,5,5,1,1,6,1,6,1,6,2,5,3,1,1,3,2,3
"2022-04-20",150,5,4,4,4,4,4,4,3,3,1,4,1,1,3,2,5,4,4,5,5,4,2,2,1,2,5,1,5,1,5,2,2,1,2,4,3,3,2
"2022-04-20",209,5,2,2,4,4,2,4,4,4,5,5,3,4,4,2,5,5,5,2,5,5,5,5,1,2,6,1,6,1,6,2,1,2,2,2,2,3,4
"2022-04-20",263,4,2,3,4,2,3,3,2,4,2,2,4,4,5,2,4,5,4,4,5,2,1,2,1,2,4,1,4,1,4,2,2,2,1,1,3,3,3
"2022-04-21",147,4,4,5,5,4,4,4,4,4,4,5,3,4,3,4,4,5,5,4,5,4,4,5,2,2,6,2,6,1,6,2,3,2,1,1,2,3,1
"2022-04-21",246,4,3,2,3,4,2,2,2,4,3,2,3,3,4,2,4,4,4,4,5,4,3,2,1,2,6,1,4,1,6,2,2,2,2,1,4,3,4
"2022-04-21",175,2,2,2,2,2,3,3,2,4,4,3,1,1,2,1,4,2,4,4,5,4,4,4,1,2,6,2,6,2,4,2,4,2,2,1,2,4,1
"2022-04-21",142,4,5,4,3,4,3,2,3,4,3,5,3,3,4,2,4,4,4,3,5,4,4,3,1,2,6,2,6,1,6,2,3,3,2,1,2,3,1
"2022-04-21",121,2,2,2,2,1,2,2,2,2,3,1,1,1,4,1,5,3,5,5,5,4,2,2,1,2,6,2,6,1,6,2,2,2,2,2,2,3,2
"2022-04-21",134,5,4,4,4,3,4,2,2,4,4,4,4,5,5,5,5,5,3,2,4,4,5,5,1,2,6,1,6,1,6,1,4,2,1,1,2,3,2
"2022-04-21",243,2,4,4,5,3,4,4,3,4,3,4,4,4,4,4,5,5,4,5,5,5,5,5,1,2,5,1,6,1,6,2,4,3,2,4,4,3,3
"2022-04-21",170,5,4,4,4,3,4,3,3,4,2,4,3,3,4,3,5,5,4,3,5,4,4,4,1,2,6,2,6,1,6,2,3,2,2,1,2,4,1
"2022-04-21",241,5,4,4,4,4,4,3,4,4,4,4,2,2,4,2,4,4,4,2,5,5,5,5,1,2,6,1,6,1,6,2,5,2,2,1,2,3,2
"2022-04-21",214,1,1,1,1,1,1,1,1,1,3,1,2,1,4,1,2,4,2,1,4,2,1,2,1,2,6,1,6,1,6,2,1,2,2,4,4,3,4
"2022-04-21",224,5,5,5,5,5,5,5,5,5,2,5,5,5,5,5,4,5,5,5,5,5,5,5,1,2,5,2,6,1,6,2,4,2,2,2,3,3,4
"2022-04-21",118,5,4,4,4,4,3,3,2,4,1,4,1,1,4,1,5,5,5,5,5,2,1,2,1,2,6,2,6,1,6,2,2,3,2,2,3,4,1
"2022-04-21",198,2,2,2,2,2,4,4,3,2,4,2,3,4,4,2,2,2,2,4,4,4,4,4,1,2,6,2,6,1,6,2,2,2,1,1,2,3,1
"2022-04-21",196,4,4,4,4,4,4,4,4,4,3,2,4,4,4,2,2,1,1,1,4,5,5,4,1,2,6,2,6,1,6,2,2,3,1,2,2,3,4
"2022-04-21",168,5,3,4,4,5,5,5,5,3,1,4,1,1,3,4,4,5,5,4,4,5,5,5,1,2,6,1,6,1,6,2,5,2,2,1,2,3,2
"2022-04-21",185,4,4,2,2,4,4,4,4,4,2,2,4,4,4,5,4,2,4,5,4,2,2,3,1,2,6,2,6,1,5,2,1,1,2,1,2,3,1
"2022-04-21",141,5,4,4,5,5,4,3,3,5,3,4,3,4,4,3,4,2,3,2,4,4,4,4,1,2,4,1,4,1,4,2,4,4,1,2,2,3,5
"2022-04-21",238,4,2,4,4,4,4,2,2,2,3,1,5,5,5,2,5,5,5,5,5,5,5,5,1,2,5,2,6,1,5,2,4,2,1,1,2,3,3
"2022-04-21",238,5,4,4,5,5,5,5,5,5,3,4,4,4,4,4,5,5,5,5,5,5,5,5,1,2,5,1,5,1,5,2,5,2,2,4,4,3,4
"2022-04-21",171,1,1,1,1,1,3,3,2,2,3,4,2,2,4,2,4,2,5,5,5,5,5,5,1,2,6,2,6,1,6,2,4,3,2,2,2,3,1
"2022-04-21",165,5,4,4,2,4,2,2,1,4,4,5,4,5,5,4,4,4,4,5,5,5,5,5,1,2,6,1,6,1,5,2,2,2,1,2,2,3,3
"2022-04-21",165,4,2,3,4,3,4,2,2,4,4,4,3,3,4,1,4,5,4,4,5,5,4,5,1,2,4,2,6,1,6,2,4,2,2,1,3,4,2
"2022-04-21",303,4,2,2,2,2,1,3,2,2,3,2,2,1,5,1,3,2,4,4,5,2,1,2,1,2,5,2,6,1,6,2,4,2,2,1,2,4,1
"2022-04-21",151,5,4,4,3,2,4,4,2,4,4,4,4,4,4,4,4,4,4,2,4,5,5,5,1,2,6,1,6,1,6,2,2,3,2,2,3,4,2
"2022-04-21",137,4,3,4,4,3,4,4,4,4,2,4,5,4,4,4,4,4,4,3,4,4,4,4,1,2,6,1,6,1,6,2,4,2,2,1,2,3,3
"2022-04-21",146,5,4,4,4,2,4,4,4,4,2,4,2,4,4,2,4,4,4,4,4,4,4,4,1,2,5,1,5,1,5,2,4,4,1,1,3,3,4
"2022-04-21",501,2,4,4,4,4,4,2,2,1,2,4,2,4,4,4,5,2,1,4,5,4,4,3,1,2,5,2,5,1,6,2,2,2,1,1,1,2,1
"2022-04-21",355,2,2,2,2,3,2,2,2,2,2,2,1,1,2,1,5,1,4,4,5,5,5,5,1,2,6,2,6,1,6,2,4,2,2,1,2,4,4
"2022-04-21",124,5,5,5,5,4,5,5,5,5,5,5,5,5,5,3,3,1,4,4,5,5,5,5,1,2,6,2,6,1,2,2,2,2,2,1,2,3,3
"2022-04-21",246,5,5,5,5,5,5,3,4,4,3,4,3,3,4,3,4,4,4,4,4,2,2,2,1,2,5,1,5,1,5,1,5,2,1,4,4,3,3
"2022-04-21",145,5,4,4,5,4,2,2,2,4,2,4,2,2,4,2,3,4,4,4,4,5,4,4,1,2,6,2,6,2,1,2,4,3,2,1,2,3,1
"2022-04-21",130,5,4,4,3,3,3,2,3,2,4,3,4,4,4,2,4,5,4,5,5,4,4,3,1,2,4,1,5,1,4,2,4,2,2,1,2,3,1
"2022-04-21",130,5,4,4,3,4,3,3,2,3,2,4,4,4,4,2,4,4,4,4,5,5,5,5,1,2,6,2,6,1,6,2,4,3,2,1,2,3,1
"2022-04-21",155,5,5,5,5,4,5,5,5,5,5,5,5,5,5,5,5,5,5,5,5,5,5,5,1,2,6,2,6,1,6,2,5,5,1,1,2,3,2
"2022-04-21",231,4,1,1,3,1,1,1,1,3,1,1,1,1,3,1,1,1,3,3,4,3,3,3,1,2,6,1,2,1,6,2,5,2,2,1,2,3,2
"2022-04-21",159,5,3,4,2,3,4,4,4,4,3,4,3,3,4,2,4,4,4,4,4,4,4,4,1,2,5,1,6,1,5,2,4,2,2,1,2,3,2
"2022-04-21",290,5,2,5,5,4,1,1,1,1,2,4,1,1,4,1,3,4,3,4,4,5,5,5,1,2,4,2,2,1,5,2,5,1,2,1,2,3,1
"2022-04-21",350,2,2,2,2,2,1,1,1,1,4,2,3,2,3,2,2,2,2,4,4,4,4,4,1,2,6,1,6,1,5,2,4,2,2,4,5,3,4
"2022-04-21",195,5,3,4,4,3,1,1,1,3,2,4,2,2,4,1,3,2,4,4,4,5,5,5,1,2,4,2,4,1,4,2,5,2,2,2,2,3,2
"2022-04-21",198,5,4,4,4,4,5,4,2,4,3,4,3,3,5,3,4,5,4,3,5,5,4,5,1,2,6,1,6,1,6,2,2,1,2,1,2,4,2
"2022-04-21",228,5,2,4,5,3,1,1,1,1,3,1,3,2,3,1,3,4,4,4,5,5,5,5,1,2,4,2,5,1,4,2,4,2,2,1,2,3,2
"2022-04-21",238,3,2,2,1,2,2,3,1,2,4,4,3,3,5,1,4,3,4,4,5,2,2,2,1,2,6,2,6,1,6,2,2,1,2,1,2,4,1
"2022-04-21",231,5,4,5,4,4,5,3,1,4,4,4,5,5,5,1,3,5,3,5,5,5,4,5,1,2,5,2,6,1,6,2,4,1,2,1,2,3,2
"2022-04-21",138,4,2,3,4,4,2,3,3,2,4,4,3,4,4,2,4,4,4,2,5,4,4,4,1,2,5,1,5,1,5,2,1,2,2,1,2,3,3
"2022-04-22",282,4,2,2,2,3,4,2,2,3,4,3,2,3,4,2,3,4,3,4,4,4,4,4,1,2,6,1,5,1,5,2,1,2,2,1,2,3,3
"2022-04-22",161,3,3,3,2,2,4,3,3,3,2,2,2,2,2,2,2,4,4,4,4,3,2,4,1,2,5,3,6,1,4,2,4,2,2,1,2,3,3
"2022-04-22",225,4,4,4,4,5,3,3,2,4,2,4,2,1,2,1,5,2,4,5,5,4,3,4,1,2,3,1,3,1,3,2,5,2,1,4,5,3,2
"2022-04-22",165,4,5,4,4,5,3,2,2,5,4,4,5,5,5,4,4,2,2,4,5,5,5,5,1,2,5,1,6,1,5,2,5,3,2,2,3,3,4
"2022-04-22",156,4,1,4,4,4,1,1,1,1,4,2,4,4,4,5,5,4,4,2,5,4,3,2,1,2,6,1,5,1,5,2,4,2,2,2,2,3,3
"2022-04-22",187,4,4,4,3,4,4,2,2,4,1,4,3,3,4,3,3,2,4,4,4,4,4,4,1,2,4,1,4,1,5,2,2,2,2,1,2,4,1
"2022-04-22",119,2,2,1,2,2,2,2,1,1,4,1,1,2,4,2,4,5,4,2,5,2,2,1,1,2,6,1,6,1,5,2,4,1,2,1,2,3,3
"2022-04-22",138,4,4,4,4,4,4,4,3,4,2,4,2,3,4,1,4,4,4,4,4,3,3,3,1,2,6,1,6,1,6,2,4,1,2,2,3,3,3
"2022-04-22",180,4,4,3,4,4,3,4,3,4,3,4,3,3,3,4,4,4,4,4,4,2,2,2,1,2,5,1,5,1,5,2,5,3,2,4,2,2,3
"2022-04-22",145,5,4,4,5,3,5,5,4,5,5,5,5,5,5,5,4,4,5,5,5,5,5,5,1,2,5,2,6,1,5,2,2,2,2,1,2,3,1
"2022-04-22",165,5,4,3,4,4,5,3,4,4,2,3,4,4,3,1,5,2,5,5,4,2,1,4,1,2,6,2,6,1,6,2,1,2,2,2,2,3,1
"2022-04-22",172,4,2,4,2,1,2,1,1,1,2,1,1,1,4,1,4,4,5,3,5,2,1,2,1,2,6,2,6,1,5,2,2,1,2,1,2,3,1
"2022-04-22",524,4,3,4,5,3,3,2,1,2,2,2,2,3,2,1,4,3,3,4,5,2,3,2,1,2,6,4,6,1,6,2,4,1,2,4,6,2,2
"2022-04-22",117,5,4,4,5,4,2,2,2,3,5,5,5,4,4,2,5,4,5,4,5,4,5,5,1,2,4,1,4,1,4,2,2,2,1,4,5,3,4
"2022-04-22",271,4,4,4,5,5,4,3,4,4,3,4,2,4,4,2,3,4,4,3,5,5,5,5,1,2,6,1,6,1,6,2,2,2,1,4,6,2,4
"2022-04-23",155,4,4,2,2,4,1,2,1,3,4,2,4,5,4,1,5,5,4,5,5,5,5,4,1,2,6,2,6,1,6,2,4,3,2,1,2,4,2
"2022-04-23",197,5,2,4,5,4,1,1,1,4,2,3,4,5,5,1,4,4,5,4,5,5,5,4,1,2,6,2,6,1,6,2,5,1,2,2,2,3,1
"2022-04-23",155,5,4,4,4,4,2,2,1,2,3,2,2,2,4,2,4,4,4,3,4,4,3,4,1,2,5,1,4,1,4,2,4,3,2,2,3,4,3
"2022-04-23",278,4,3,4,2,2,2,2,2,4,4,4,5,5,5,1,4,5,5,4,4,4,4,2,1,2,6,2,6,1,6,2,5,3,2,2,2,2,1
"2022-04-23",180,5,4,3,4,4,3,2,3,4,3,3,3,2,2,2,4,4,4,4,4,3,3,4,1,2,5,1,5,1,6,2,4,2,2,1,2,3,3
"2022-04-23",157,4,3,2,2,3,1,1,1,2,4,2,2,2,2,2,2,2,2,2,3,3,3,3,1,2,1,1,6,1,6,2,4,2,2,4,7,3,3
"2022-04-23",180,4,2,4,2,2,2,2,2,2,2,2,2,2,2,2,2,2,4,4,4,2,2,2,1,2,5,1,5,1,5,2,4,2,2,1,2,3,2
"2022-04-23",173,4,2,2,4,2,4,4,4,2,2,4,4,4,4,4,4,4,4,4,4,4,4,4,1,2,6,2,6,1,5,2,4,3,2,1,2,3,2
"2022-04-23",278,5,3,4,4,4,4,4,4,4,4,4,5,5,5,4,5,5,5,5,5,5,5,5,1,2,6,1,6,1,6,2,5,2,2,1,2,3,4
"2022-04-23",162,4,2,4,2,2,2,2,1,4,3,2,2,1,1,2,1,1,4,3,2,1,1,1,1,2,6,2,6,1,5,2,2,1,1,1,2,3,1
"2022-04-23",136,5,3,4,5,5,3,4,2,2,5,4,3,3,4,3,4,2,4,5,5,5,5,3,1,2,6,1,6,1,6,2,2,3,2,1,2,4,3
"2022-04-23",212,2,2,2,2,3,4,2,2,4,4,4,4,4,4,2,5,4,4,4,5,5,5,5,1,2,6,1,6,1,6,2,1,2,2,3,4,3,5
"2022-04-23",151,5,4,4,4,4,2,4,4,4,4,4,4,4,4,4,4,4,4,4,4,5,5,4,1,2,5,1,5,1,5,2,4,3,1,4,3,4,6
"2022-04-23",197,5,4,4,5,5,4,3,3,4,4,5,5,5,5,2,4,4,2,4,4,5,5,5,1,2,5,1,5,1,5,2,4,2,2,1,2,3,2
"2022-04-23",262,5,4,5,5,5,4,3,3,4,5,5,5,5,5,3,5,4,4,5,2,5,5,3,2,2,5,2,5,1,5,2,3,2,2,1,2,3,1
"2022-04-23",234,4,2,2,2,2,4,4,2,2,2,4,2,2,4,2,4,5,5,4,5,2,2,4,1,2,6,2,6,1,6,2,5,1,2,1,2,3,1
"2022-04-23",241,5,4,4,4,4,2,4,2,2,1,4,2,1,4,2,4,4,4,2,4,5,5,5,1,2,6,1,6,1,6,2,4,3,2,1,4,3,4
"2022-04-23",194,4,4,4,5,5,4,2,2,4,2,5,5,5,5,2,5,4,4,3,5,5,5,5,1,2,6,1,6,1,6,2,1,2,2,2,2,3,5
"2022-04-23",234,5,4,5,5,3,3,2,2,4,4,3,3,4,5,3,3,2,4,4,4,4,4,4,1,2,6,2,6,1,6,2,4,2,2,1,2,3,1
"2022-04-23",143,5,3,1,2,1,1,1,1,1,5,4,3,5,5,1,4,4,4,2,5,4,4,5,1,2,6,2,6,1,6,2,4,1,2,1,2,3,1
"2022-04-23",199,4,4,4,4,4,4,2,2,4,4,4,2,2,4,2,4,3,4,4,5,4,4,4,1,2,4,2,6,1,6,2,4,2,1,2,2,4,1
"2022-04-23",196,4,2,4,2,2,2,2,2,3,2,4,4,4,4,1,4,4,4,4,5,4,4,5,1,2,5,1,5,1,5,2,4,3,2,2,2,3,3
"2022-04-23",194,4,4,3,2,3,4,2,3,4,3,3,3,3,4,2,4,4,4,4,5,4,4,2,1,2,5,2,5,1,5,2,4,3,2,2,2,4,1
"2022-04-23",160,5,4,4,5,4,5,5,5,5,5,4,5,5,5,4,4,4,4,4,2,5,5,4,1,2,6,2,6,1,5,2,4,2,2,1,2,3,2
"2022-04-23",94,3,3,4,2,3,4,4,3,4,4,4,4,4,4,3,5,4,4,2,5,4,5,5,1,2,6,2,6,1,5,2,2,3,2,1,2,3,2
"2022-04-23",138,5,5,4,3,4,4,4,4,4,3,5,2,1,4,1,4,5,5,5,5,2,2,2,1,2,6,2,6,1,6,2,4,5,1,1,2,3,2
"2022-04-23",289,3,3,2,3,2,2,2,2,3,4,2,3,1,3,1,4,4,3,4,4,3,3,3,1,2,5,1,5,1,5,2,4,2,2,1,3,3,3
"2022-04-23",151,4,4,4,4,4,4,4,3,2,2,4,5,4,5,2,5,4,4,4,3,4,4,4,1,2,6,2,6,1,6,2,2,2,2,1,2,3,1
"2022-04-23",170,5,5,5,5,5,4,3,3,4,2,4,4,4,4,3,4,5,4,4,4,5,5,4,1,2,4,2,4,1,4,2,5,2,2,1,2,3,1
"2022-04-23",282,4,4,5,4,3,3,2,2,4,4,4,3,4,4,3,4,4,5,5,5,4,3,3,1,2,6,1,6,1,6,2,5,2,2,2,3,3,2
"2022-04-23",253,4,2,3,2,2,2,1,1,3,2,4,2,2,2,2,4,4,4,4,5,4,3,4,1,2,6,1,6,1,6,2,5,4,2,3,3,4,5
"2022-04-23",152,4,2,2,2,2,4,2,2,2,4,4,2,2,2,2,2,2,4,2,4,5,5,5,1,2,6,2,6,1,6,2,2,1,2,1,1,2,1
"2022-04-23",161,5,2,4,4,4,2,2,2,2,4,2,3,3,5,2,4,3,4,2,4,5,5,5,1,2,5,1,6,1,6,2,3,1,2,1,3,3,3
"2022-04-23",196,5,5,5,5,2,4,1,1,4,2,5,2,2,4,2,4,4,4,4,5,5,5,5,1,2,5,2,6,1,5,2,4,1,2,1,2,3,2
"2022-04-23",435,4,3,4,4,4,3,4,3,3,3,4,3,3,3,3,4,4,4,4,4,5,5,3,1,2,6,2,6,1,6,2,4,1,2,1,2,3,2
"2022-04-23",163,4,2,3,4,2,1,1,1,4,3,2,4,4,4,1,4,5,5,4,4,2,3,4,1,2,5,1,5,1,5,2,2,3,2,4,3,3,3
"2022-04-23",171,5,2,2,2,1,1,1,1,1,5,1,5,5,5,4,2,2,3,1,4,5,5,5,1,2,6,1,6,1,6,2,2,2,2,3,4,4,3
"2022-04-23",177,5,4,5,5,5,5,5,5,4,5,5,5,4,5,5,5,5,5,2,5,4,4,4,1,2,4,2,6,2,4,2,2,2,2,2,2,3,1
"2022-04-23",158,4,2,2,3,2,2,3,1,4,2,4,3,2,4,1,4,2,4,4,4,4,3,4,1,2,6,2,6,1,3,2,4,1,2,1,2,2,1
"2022-04-23",159,5,4,4,5,4,4,2,3,4,2,4,2,2,4,1,4,4,4,5,5,5,5,5,1,2,6,2,6,1,6,2,4,2,2,1,2,3,1
"2022-04-23",201,5,5,5,4,4,4,3,4,5,3,5,4,5,5,2,4,5,5,2,5,4,4,5,1,2,6,1,6,1,6,2,1,2,2,1,3,4,3
"2022-04-23",157,5,4,4,4,3,2,3,2,3,2,4,2,2,3,2,3,2,4,4,4,4,4,4,1,2,6,1,6,1,6,2,4,1,2,1,2,3,2
"2022-04-23",166,4,4,2,3,4,3,4,2,4,2,3,2,1,3,1,4,3,4,4,5,4,4,5,1,2,6,1,6,1,6,2,2,3,2,1,2,4,2
"2022-04-23",234,4,5,4,3,4,4,5,4,4,5,4,5,4,5,4,4,5,4,4,3,4,5,5,1,2,5,1,5,1,6,1,4,3,1,4,4,3,4
"2022-04-23",262,4,4,4,4,4,4,2,3,4,4,5,4,3,3,2,3,4,5,5,5,4,4,5,1,2,6,1,6,1,6,2,5,2,2,1,2,3,1
"2022-04-23",248,5,3,4,3,3,3,2,2,3,1,4,4,4,4,3,4,4,3,4,5,3,4,4,1,2,5,1,5,1,5,2,4,2,1,3,4,3,3
"2022-04-23",172,5,4,4,3,2,2,2,2,3,4,4,4,4,4,4,3,2,4,4,5,5,5,5,1,2,6,2,6,1,6,2,5,2,2,1,2,3,2
"2022-04-23",179,4,5,3,5,2,2,3,3,4,4,4,2,1,1,1,5,3,5,5,5,1,1,1,1,2,6,1,6,2,6,2,2,2,2,1,2,3,3
"2022-04-23",228,5,2,5,4,4,1,1,1,3,1,2,1,1,3,1,1,1,1,1,5,5,5,5,1,2,6,1,6,1,5,2,4,2,1,4,4,2,3
"2022-04-23",166,5,1,5,4,4,1,1,1,4,1,3,1,1,5,1,1,1,5,5,5,4,5,5,1,2,6,1,5,1,5,2,4,2,1,4,4,3,3
"2022-04-23",174,5,4,5,4,5,4,2,3,4,2,4,4,4,5,2,2,5,5,4,4,5,5,5,1,2,6,1,6,1,5,2,4,2,2,1,2,3,3
"2022-04-23",128,4,4,4,4,4,3,2,2,2,3,2,4,5,5,2,5,1,5,4,5,5,5,5,1,2,6,1,6,1,6,1,4,4,2,2,3,3,4
"2022-04-23",189,5,5,5,5,5,4,4,4,4,2,4,5,5,5,3,5,2,3,4,5,4,4,5,1,2,6,1,6,1,6,2,4,2,2,4,4,3,3
"2022-04-24",408,4,4,4,4,4,2,2,2,4,4,4,2,2,4,2,4,4,2,2,4,2,2,2,2,2,5,3,4,1,5,2,2,2,1,4,4,3,5
"2022-04-24",231,4,2,4,4,4,4,4,4,4,2,4,3,4,4,2,4,2,4,4,4,4,4,4,1,2,5,2,5,1,5,2,5,2,2,1,2,2,3
"2022-04-24",270,2,2,2,2,2,2,2,2,3,2,2,4,4,4,3,4,2,4,4,4,2,2,2,1,2,6,1,5,1,6,2,4,3,2,1,2,3,3
"2022-04-24",143,2,1,1,4,1,2,1,1,1,3,2,1,1,4,1,5,5,5,5,2,1,1,1,2,2,4,2,5,1,5,2,1,2,2,1,2,2,1
"2022-04-24",138,5,3,4,4,4,2,2,1,4,3,4,4,4,4,1,3,1,5,5,5,5,5,5,1,2,6,1,6,1,6,2,5,1,2,2,2,3,4
"2022-04-24",147,5,5,5,4,4,5,3,4,5,4,5,3,3,4,4,5,5,5,5,5,5,4,5,1,2,6,2,1,2,1,2,4,2,2,1,2,3,2
"2022-04-24",183,4,4,4,4,4,4,3,3,4,2,4,3,2,4,2,4,4,4,3,4,4,4,4,1,2,6,4,5,1,5,2,5,2,2,2,2,2,4
"2022-04-24",206,4,2,1,2,4,2,4,1,2,3,4,4,4,4,3,5,5,4,5,5,4,4,3,1,2,6,1,6,1,6,2,4,2,1,1,2,3,3
"2022-04-24",286,4,4,4,4,3,2,2,2,4,2,4,2,4,4,2,4,2,4,5,4,5,5,5,1,2,6,2,6,1,6,2,2,2,2,1,2,4,1
"2022-04-24",183,5,4,4,4,3,2,2,2,4,2,4,4,5,5,1,3,5,4,5,5,4,4,5,1,2,6,2,6,1,6,2,4,2,2,1,2,4,4
"2022-04-24",175,4,3,4,4,2,5,3,4,3,4,5,4,4,5,3,5,4,4,2,4,4,4,4,1,2,6,1,6,1,6,2,4,2,2,1,2,3,3
"2022-04-24",213,4,5,3,4,3,3,5,5,2,4,4,4,5,5,3,3,3,2,2,4,5,5,5,1,2,6,2,6,1,6,2,1,3,2,1,2,3,1
"2022-04-24",209,3,2,3,4,3,4,3,3,4,4,4,3,3,4,2,4,2,3,3,4,4,3,4,1,2,5,1,5,1,5,2,2,2,2,3,3,3,4
"2022-04-24",168,4,2,4,4,4,1,1,1,4,2,2,4,4,4,2,2,2,3,4,2,4,4,4,1,2,6,1,6,1,6,2,4,2,2,2,3,4,4
"2022-04-24",342,4,4,4,3,2,2,2,3,3,3,3,2,1,1,2,2,4,5,4,5,2,1,3,1,2,6,1,6,1,6,2,5,2,1,4,5,3,3
"2022-04-24",134,4,5,4,2,2,2,2,1,4,1,5,1,1,4,1,5,2,4,2,5,5,5,5,1,2,5,1,5,1,5,2,1,5,2,1,3,4,5
"2022-04-24",144,5,4,5,2,2,1,1,2,4,5,4,3,1,1,1,3,2,1,5,1,2,1,1,1,2,6,1,6,1,6,2,5,1,2,1,2,3,2
"2022-04-24",141,5,4,4,5,4,5,2,3,5,4,5,4,4,5,2,4,5,3,2,5,5,5,5,1,2,6,2,6,1,6,2,5,2,1,2,2,4,3
"2022-04-24",166,4,2,4,3,2,4,2,2,2,2,4,2,2,4,2,2,4,4,2,2,4,4,2,1,2,5,4,6,1,4,2,1,1,2,1,1,2,1
"2022-04-24",667,5,5,4,2,4,5,1,2,4,4,4,5,5,4,2,4,5,5,2,4,4,5,2,1,2,6,1,5,1,5,1,5,4,2,3,4,3,3
"2022-04-24",179,5,4,4,4,4,2,2,2,4,2,2,2,2,2,2,4,2,4,4,4,5,5,5,1,2,5,4,6,1,6,2,5,2,2,1,2,3,2
"2022-04-24",536,4,4,5,1,4,5,3,2,4,3,5,4,4,3,4,4,5,4,3,5,4,4,3,1,2,4,1,4,1,4,1,4,3,2,4,5,2,4
"2022-04-24",654,4,5,5,3,5,4,3,5,4,2,4,4,5,4,1,5,4,4,1,3,2,3,1,1,2,6,1,4,1,4,2,5,3,1,4,6,2,4
"2022-04-24",142,5,4,5,5,3,1,1,1,2,4,5,4,3,5,1,4,3,5,5,5,5,5,5,1,2,6,2,6,1,6,2,2,2,2,1,2,3,2
"2022-04-24",154,4,4,3,3,3,2,2,2,2,2,4,3,2,3,2,4,3,5,4,4,4,4,3,1,2,6,2,6,1,6,2,3,1,2,1,2,4,1
"2022-04-24",167,3,2,4,2,2,2,2,1,3,2,3,2,3,2,1,4,1,3,2,4,4,4,4,1,2,4,2,5,1,5,2,2,2,2,1,1,3,1
"2022-04-24",311,4,1,2,2,2,2,3,2,2,4,4,1,1,5,1,5,3,4,2,5,5,5,5,1,2,6,1,6,1,6,2,1,2,2,2,3,4,3
"2022-04-24",533,5,4,5,5,5,1,1,1,2,1,3,1,5,5,1,5,3,5,5,5,5,5,5,1,2,6,1,4,1,6,2,5,3,2,2,2,1,2
"2022-04-24",199,4,4,4,4,3,2,2,2,3,1,3,1,2,4,4,4,2,4,4,4,4,4,4,1,2,6,4,6,1,6,2,2,1,1,1,2,3,1
"2022-04-24",503,5,5,5,4,3,3,2,2,4,5,3,2,1,5,4,4,3,5,5,5,3,3,4,1,2,5,1,4,1,5,2,1,1,2,4,7,2,2
"2022-04-24",174,5,5,5,5,5,5,4,3,5,1,5,5,5,5,5,5,5,5,5,5,5,5,5,1,2,6,2,6,1,5,2,5,2,2,1,2,2,2
"2022-04-25",213,5,4,4,5,5,5,4,4,5,4,5,4,4,5,3,4,2,5,3,4,5,5,5,1,2,5,1,5,1,5,2,4,2,2,4,4,4,6
"2022-04-25",180,5,4,4,5,3,4,4,2,4,2,5,2,3,4,1,4,3,2,3,5,4,4,5,1,2,6,2,6,1,5,2,3,2,2,1,2,4,1
"2022-04-25",172,5,4,5,5,3,2,1,1,2,2,1,4,5,5,1,5,3,5,5,5,5,5,5,1,2,6,1,6,1,5,2,2,2,2,1,2,3,4
"2022-04-25",193,2,3,2,2,2,2,4,3,2,1,1,1,1,1,1,4,5,5,4,5,1,1,1,1,2,5,1,3,1,5,1,5,1,2,4,3,3,2
"2022-04-25",224,2,3,2,4,3,2,2,1,5,4,4,2,2,4,2,5,2,5,5,5,4,4,5,1,2,6,2,6,1,6,2,1,1,2,1,2,3,3
"2022-04-25",137,5,4,4,4,5,4,3,3,4,3,4,4,4,5,2,4,3,4,3,4,4,4,4,1,2,6,2,6,1,6,2,5,1,2,1,2,3,2
"2022-04-25",436,4,4,5,2,4,1,2,2,4,3,5,5,4,5,1,4,4,2,1,4,5,5,3,1,2,5,1,5,1,5,1,5,3,2,2,2,3,4
"2022-04-25",928,5,4,5,3,5,3,3,4,5,4,5,4,4,5,3,5,5,4,3,4,4,3,2,1,2,6,1,5,1,5,2,4,4,2,3,3,3,3
"2022-04-25",171,5,5,4,4,5,5,3,4,4,3,2,5,5,5,5,5,5,5,5,5,5,5,2,1,2,4,2,6,1,6,1,4,2,2,2,2,3,1
"2022-04-25",171,2,2,2,1,1,1,3,2,1,1,4,1,1,4,2,4,4,3,1,5,2,1,1,1,2,6,2,6,1,6,2,2,1,2,2,2,3,1
"2022-04-25",202,5,3,4,4,2,2,3,3,4,2,4,3,3,4,2,4,2,5,2,5,5,5,5,1,2,6,2,6,1,5,2,4,2,2,1,2,2,1
"2022-04-25",585,4,4,5,4,5,2,2,1,4,4,5,5,4,5,1,5,4,4,1,4,2,1,1,1,2,6,1,5,1,5,1,5,5,2,4,4,4,4
"2022-04-25",227,5,5,5,4,4,4,4,4,5,1,4,2,2,4,2,4,5,5,5,5,4,4,4,1,2,5,1,6,1,5,2,1,2,2,2,3,4,6
"2022-04-25",252,4,3,4,2,3,4,2,2,4,4,3,3,3,4,2,4,2,4,2,4,5,5,5,1,2,6,1,6,1,6,2,1,4,2,2,2,4,4
"2022-04-25",148,4,2,4,4,2,2,2,1,4,1,4,3,2,4,3,4,2,4,4,5,4,4,5,1,2,3,2,6,1,6,2,4,2,2,1,2,3,1
"2022-04-25",398,3,2,2,3,3,2,2,3,2,3,3,2,2,2,2,3,3,4,4,4,2,2,2,1,2,6,1,6,1,6,2,2,1,2,4,7,2,2
"2022-04-25",279,4,2,2,2,3,2,2,2,4,3,2,3,3,3,2,2,2,2,2,5,2,2,2,1,2,6,1,6,1,6,1,5,2,1,4,5,4,6
"2022-04-25",192,2,1,2,2,2,2,1,2,2,4,4,4,4,4,2,4,4,4,1,4,5,5,5,1,2,6,1,6,1,5,2,2,3,1,4,4,3,5
"2022-04-27",133,5,4,5,5,5,4,3,5,4,4,4,5,4,5,5,4,4,5,3,4,5,5,4,1,2,6,1,6,1,6,2,2,1,1,4,5,2,2
"2022-04-28",141,4,2,2,2,2,2,4,2,2,4,2,4,4,4,4,4,4,4,4,4,5,5,5,1,2,5,1,5,1,5,2,4,5,1,4,5,4,4
"2022-04-28",240,3,2,2,3,2,3,3,2,2,2,2,2,4,2,3,3,3,4,3,4,3,2,2,1,2,6,1,6,1,6,2,1,1,2,4,6,3,5
"2022-04-28",285,5,4,5,4,5,3,2,3,4,3,5,3,3,2,2,4,2,3,4,3,2,3,3,1,2,6,1,6,1,6,2,4,1,1,5,5,3,3
"2022-04-29",142,4,2,2,2,2,3,2,2,2,3,2,3,4,4,2,2,2,4,4,4,5,5,5,1,2,6,2,6,1,6,2,3,5,2,6,1,2,2
"2022-04-29",138,4,4,2,5,2,2,3,4,4,1,4,4,5,4,1,5,1,2,2,3,5,5,4,1,2,6,1,6,1,6,2,4,2,1,4,4,3,4
"2022-04-29",202,4,4,4,5,4,5,5,3,4,4,4,3,4,4,2,4,5,5,2,5,2,2,2,1,2,5,1,5,1,5,2,4,3,2,2,3,3,4
"2022-04-29",145,5,3,4,4,2,4,4,1,2,1,2,2,2,4,1,4,2,4,4,5,5,5,4,1,2,6,2,6,1,5,2,4,2,2,1,1,2,1
"2022-04-29",187,5,5,5,4,4,5,4,4,5,3,3,3,4,4,2,4,4,4,2,5,5,5,5,1,2,6,2,6,1,6,2,4,4,2,1,2,3,1
"2022-04-29",313,4,2,2,2,1,2,2,2,2,4,1,2,2,4,1,4,5,5,5,5,5,5,5,1,2,6,1,6,1,6,2,2,1,2,4,5,3,4
"2022-04-29",132,5,2,2,2,2,2,2,2,2,4,2,2,4,4,1,2,2,2,2,3,1,2,2,1,2,6,2,6,1,6,2,1,2,1,2,2,3,2
"2022-04-29",297,4,5,4,5,5,5,4,5,4,5,5,5,4,5,4,1,2,2,1,2,4,5,5,1,2,3,1,3,1,3,2,2,2,1,4,5,3,3
"2022-04-29",180,5,4,4,5,4,4,4,4,3,3,4,3,5,5,4,5,4,5,5,5,5,5,5,1,2,6,1,6,1,6,2,4,3,2,2,3,4,3
"2022-04-29",158,4,4,4,4,3,4,1,1,1,2,2,2,2,2,2,2,2,1,1,4,4,4,4,1,2,6,1,6,1,6,2,1,1,1,2,2,3,3
"2022-04-29",542,2,2,2,1,2,2,1,1,1,2,1,1,1,2,2,2,4,2,2,4,2,2,2,1,2,6,1,6,1,3,2,2,3,2,4,4,3,5
"2022-04-29",193,4,1,4,2,2,3,4,2,4,2,4,1,1,5,2,3,4,5,2,5,5,5,5,1,2,6,2,6,1,6,2,2,2,2,2,2,3,1
"2022-04-29",338,2,2,1,1,2,1,1,1,1,4,2,1,2,2,1,4,4,2,2,4,2,2,2,1,2,6,1,6,2,1,2,2,2,1,4,4,3,5
"2022-04-29",150,2,2,2,2,2,1,1,1,1,2,2,2,2,4,1,4,4,2,2,4,2,2,2,1,2,6,1,6,2,1,2,2,3,2,2,3,3,4
"2022-04-29",499,4,4,4,4,4,2,2,2,2,4,2,2,2,4,2,2,2,2,2,4,4,4,4,1,2,6,1,6,1,5,2,2,4,2,1,3,3,4
"2022-04-29",248,4,4,4,3,3,2,3,1,5,5,4,4,3,2,3,4,2,4,4,5,4,3,3,1,2,5,2,6,1,6,2,5,3,2,1,2,3,3
"2022-04-30",159,4,4,4,5,2,2,1,1,3,2,4,3,4,5,5,5,3,5,5,5,4,4,4,1,2,6,1,6,1,6,2,2,5,1,1,3,3,4
"2022-04-30",160,4,2,2,2,2,4,3,3,4,4,4,4,3,4,2,4,4,4,2,4,2,2,3,1,2,6,1,6,1,6,2,1,2,1,2,4,4,5
"2022-04-30",167,3,2,2,3,1,2,4,3,2,4,4,2,2,4,2,3,4,4,5,5,5,5,5,1,2,6,2,6,1,6,2,4,1,2,1,2,3,1
"2022-04-30",185,4,4,5,4,4,5,4,4,5,4,4,5,5,4,2,2,5,2,4,5,5,4,5,1,2,6,1,6,1,5,2,4,2,2,4,4,4,4
"2022-04-30",166,5,4,4,4,4,4,4,4,4,3,4,4,4,4,4,4,5,4,2,4,4,5,5,2,2,6,1,6,1,6,1,4,2,2,2,2,4,4
"2022-04-30",304,2,2,2,2,1,1,1,1,1,4,2,1,1,4,1,4,4,4,2,5,2,2,2,1,2,6,1,6,1,4,2,4,3,1,4,5,3,6
"2022-04-30",235,2,1,1,1,2,2,2,1,1,2,1,1,1,1,1,4,4,4,2,5,1,1,1,1,2,6,1,6,1,4,2,2,3,1,4,6,3,6
"2022-04-30",324,5,4,5,4,5,4,4,5,4,5,4,4,5,5,3,2,1,2,2,2,5,4,5,1,2,3,1,3,1,3,2,2,2,1,4,5,3,4
"2022-04-30",135,1,2,2,1,1,1,1,1,1,4,1,1,1,1,1,4,4,2,2,5,2,2,2,1,2,6,1,6,1,5,2,2,3,1,4,5,2,5
"2022-04-30",300,4,5,5,5,4,5,4,5,4,4,4,5,4,5,3,2,2,1,2,1,4,4,5,1,2,3,1,3,1,3,2,2,2,1,4,6,3,4
"2022-04-30",229,2,1,1,1,2,1,1,2,1,4,1,1,1,4,2,4,4,4,4,5,2,2,2,1,2,6,1,6,2,5,2,4,3,1,4,5,3,5
"2022-04-30",179,4,5,5,4,5,4,5,5,4,5,5,4,5,4,4,1,1,2,2,1,4,5,4,1,2,3,1,3,1,3,2,2,2,1,4,3,3,4
"2022-04-30",160,4,5,4,4,5,3,4,4,3,3,2,3,2,3,2,2,3,3,2,3,2,3,3,1,2,6,1,6,1,6,2,5,4,2,4,6,3,1
"2022-04-30",153,4,2,2,1,2,4,3,1,4,4,4,2,2,4,2,2,2,4,4,4,4,2,2,1,2,5,2,4,1,5,2,2,2,2,1,3,3,5
"2022-05-01",305,4,3,4,4,4,4,3,4,2,4,4,4,4,4,3,2,3,4,4,4,4,4,4,1,2,6,1,5,1,6,1,5,3,1,3,2,3,2
"2022-05-01",223,5,4,4,5,4,4,4,5,5,5,4,5,4,5,2,2,5,4,5,5,5,4,5,1,2,6,1,5,1,6,2,4,2,1,1,3,3,2
"2022-05-01",128,4,3,4,2,4,4,3,3,2,4,4,4,5,5,2,3,2,4,5,5,5,5,5,1,2,6,2,6,1,6,2,4,4,2,1,2,3,5
"2022-05-01",220,5,5,4,4,4,5,5,4,5,4,4,5,5,5,4,2,1,2,1,2,5,4,5,1,2,3,1,3,1,3,2,2,2,1,4,3,3,3
"2022-05-01",250,2,1,1,1,2,1,1,1,1,2,1,1,1,2,1,4,4,4,4,5,2,2,2,1,2,6,1,6,2,4,2,4,3,1,4,5,3,5
"2022-05-01",869,2,1,1,2,2,1,2,1,1,2,2,2,1,2,2,4,4,4,5,5,1,1,1,1,2,6,1,6,2,4,2,4,2,2,4,5,3,5
"2022-05-01",537,2,2,2,1,2,1,1,1,1,4,2,1,1,4,1,4,5,4,4,5,1,2,1,1,2,6,1,5,2,4,2,4,3,2,4,5,3,5
"2022-05-01",125,2,2,2,2,1,2,1,1,1,5,2,4,4,5,3,4,4,5,2,5,5,4,5,1,2,6,1,6,1,5,2,1,2,2,4,5,4,5
"2022-05-01",510,1,2,2,1,2,1,2,2,1,4,1,2,2,4,2,4,4,4,4,5,2,2,2,1,2,5,1,6,2,3,2,4,3,2,4,5,3,5
"2022-05-01",405,5,4,4,4,5,5,4,5,4,5,4,5,5,4,4,2,1,2,2,2,4,5,4,1,2,3,1,3,1,3,2,2,2,1,4,5,3,3
"2022-05-01",882,2,2,1,1,2,2,1,1,1,4,1,2,2,4,2,4,5,4,4,5,2,2,2,1,2,6,1,6,1,4,2,2,3,1,4,5,2,3
"2022-05-01",656,2,2,1,1,2,1,1,1,2,4,1,2,1,4,2,4,4,4,2,5,2,1,2,1,2,6,1,6,1,4,2,2,3,2,2,3,3,4
"2022-05-01",539,2,1,2,1,2,1,1,2,1,4,2,2,2,4,1,4,5,4,4,5,1,1,2,1,2,6,1,6,2,1,2,4,2,1,2,3,3,4
"2022-05-01",485,2,2,1,2,1,2,1,1,2,4,2,2,1,4,1,4,4,4,2,5,2,2,2,1,2,5,1,6,2,1,2,2,2,1,3,3,3,5
"2022-05-01",302,4,5,4,5,5,4,5,5,4,4,5,5,4,5,5,2,1,2,2,1,4,5,5,1,2,3,1,3,1,3,2,2,2,1,4,5,3,4
"2022-05-01",407,4,5,4,4,4,5,4,5,4,5,5,5,5,4,4,2,1,2,1,2,4,4,4,1,2,3,1,3,1,3,2,2,2,1,4,5,3,4
"2022-05-01",229,4,5,4,5,4,4,5,5,4,5,4,5,4,4,4,2,1,2,2,1,5,5,4,1,2,3,1,3,1,3,2,2,2,1,4,6,3,4
"2022-05-01",301,5,4,4,5,5,4,4,5,4,5,4,5,4,5,4,2,1,1,2,1,4,5,4,1,2,3,1,3,1,3,2,2,2,1,4,6,2,4
"2022-05-01",290,4,5,5,4,5,5,4,5,4,4,4,5,4,5,5,2,1,1,2,2,5,4,5,1,2,3,1,3,1,3,2,2,2,1,4,6,2,4
"2022-05-02",188,5,5,4,5,5,4,5,5,4,4,5,5,4,5,4,2,2,1,1,2,4,5,5,1,2,3,1,3,1,3,2,2,2,2,4,6,3,4
"2022-05-02",471,2,1,1,2,2,1,1,1,1,4,2,1,1,4,1,4,5,4,4,5,2,2,2,1,2,6,1,6,2,1,2,4,3,2,4,5,3,5
"2022-05-02",439,2,1,2,2,1,1,1,1,2,2,2,2,1,1,2,4,4,4,4,5,2,2,1,1,2,6,3,6,1,4,2,4,2,1,4,5,3,5
"2022-05-02",557,2,1,1,2,1,1,1,1,1,4,1,1,3,4,2,4,4,5,4,5,2,2,2,1,2,6,1,5,2,4,2,2,3,2,4,4,3,4
"2022-05-02",317,1,2,2,1,1,1,1,1,1,2,1,2,1,4,4,4,5,4,4,5,2,2,1,1,2,6,1,5,1,5,2,5,3,2,4,4,3,5
"2022-05-06",288,4,2,2,2,2,2,2,2,2,3,2,2,4,4,2,2,2,2,3,4,4,4,4,1,2,6,1,6,1,6,2,2,2,1,4,5,3,3
"2022-05-06",360,2,1,1,2,1,1,1,1,1,2,1,1,1,4,1,4,5,4,4,5,2,2,2,1,2,6,1,6,1,6,2,4,3,2,4,5,3,4
"2022-05-07",180,5,4,4,4,3,4,4,3,4,3,4,3,3,2,2,4,5,5,4,4,4,4,4,1,2,5,1,5,1,5,2,4,2,2,4,4,3,4
"2022-05-08",321,2,1,1,2,2,2,1,1,2,4,2,2,1,2,2,4,5,4,4,5,2,2,1,1,2,6,1,6,1,6,2,4,3,1,4,5,3,5
"2022-05-08",373,2,1,2,2,1,2,2,1,2,4,1,2,1,4,2,4,4,4,4,5,2,2,1,1,2,6,1,6,1,6,2,4,3,1,4,5,3,5
"2022-05-09",283,4,5,4,5,4,5,4,5,4,2,4,2,2,2,1,5,4,5,5,4,2,1,1,1,2,4,1,4,1,4,2,5,3,2,4,6,1,1
"2022-05-10",433,4,5,4,5,4,5,2,3,4,2,3,2,1,1,2,4,2,2,4,3,1,1,2,1,2,6,4,1,1,6,2,5,2,2,4,5,2,2
